Title,Author,Year,Publisher,Price,Image,Link
Emotion,Barbra Streisand,2020,Supraphon,70 Kč,https://www.antikavion.cz/storage/images/gramo-428872-emotion-8996283-0.jpg,https://www.antikavion.cz/gramodeska/emotion-8996283?produkt=895380
Tyr,Black Sabbath,2020,Supraphon,2000 Kč,https://www.antikavion.cz/storage/images/gramo-507139-tyr-2389012-0.jpg,https://www.antikavion.cz/gramodeska/tyr-2389012?produkt=865216
Moje Česká Vlast,Veselka,2020,Supraphon,200 Kč,https://www.antikavion.cz/storage/images/moje-ceska-vlast-veselka-1991-404515-4.jpg,https://www.antikavion.cz/gramodeska/moje-ceska-vlast-12814066?produkt=404515
Chicago 17,Chicago,2020,Supraphon,400 Kč,https://www.antikavion.cz/storage/images/gramo-520206-chicago-17-2807997-0.jpg,https://www.antikavion.cz/gramodeska/chicago-17-2807997?produkt=850257
Týden Nové Tvorby 1983,"Václav Felix,Milan Jíra,Václav Lídl,Zdeněk Lukáš",2020,Supraphon,400 Kč,https://www.antikavion.cz/storage/images/gramo-520859-tyden-nove-tvorby-1983-6109441-0.jpg,https://www.antikavion.cz/gramodeska/tyden-nove-tvorby-1983-6109441?produkt=866608
Válecné Rekviem: Digital Recording Gatefold Sleeve Vinyl,"Benjamin Britten,Elisabeth Söderström,Robert Tear,Thomas Allen,City Of Birmingham Symphony Orchestra Chorus,The Choir Of Christ Church Cathedral,City Of Birmingham Symphony Orchestra,Sir Simon Rattle",2020,Supraphon,400 Kč,https://www.antikavion.cz/storage/images/gramo-520294-valecne-rekviem-30292442-0.jpg,https://www.antikavion.cz/gramodeska/valecne-rekviem-30292442?produkt=851245
The Rolling Stones On Air DLX: 180g Deluxe Edition Vinyl,The Rolling Stones,2020,Supraphon,600 Kč,https://www.antikavion.cz/storage/images/gramo-519750-the-rolling-stones-on-air-dlx-11217089-0.jpg,https://www.antikavion.cz/gramodeska/the-rolling-stones-on-air-dlx-11217089?produkt=842451
Rány,Zuzana Michnová,2020,Supraphon,200 Kč,https://www.antikavion.cz/storage/images/gramo-517489-rany-2857529-0.jpg,https://www.antikavion.cz/gramodeska/rany-2857529?produkt=827760
Zvláštní Znamení Touha - Písně Bratří Ryvolů,Hoboes,2020,Supraphon,400 Kč,https://www.antikavion.cz/storage/images/gramo-476900-zvlastni-znameni-touha-pisne-bratri-ryvolu-4556243-0.jpg,https://www.antikavion.cz/gramodeska/zvlastni-znameni-touha-pisne-bratri-ryvolu-4556243?produkt=902176
33,The Blue Effect,2020,Supraphon,600 Kč,https://www.antikavion.cz/storage/images/gramo-467971-33-2116590-0.jpg,https://www.antikavion.cz/gramodeska/33-2116590?produkt=653483
"Povídali, Že Mu Hráli",Michael Kocáb,2020,Supraphon,300 Kč,https://www.antikavion.cz/storage/images/gramo-516062-povidali-ze-mu-hrali-1748588-0.jpg,https://www.antikavion.cz/gramodeska/povidali-ze-mu-hrali-1748588?produkt=821353
Ptáčata,Brontosauři,2020,Supraphon,300 Kč,https://www.antikavion.cz/storage/images/gramo-429125-ptacata-2693518-0.jpg,https://www.antikavion.cz/gramodeska/ptacata-2693518?produkt=906843
Roky A Dni,Miroslav Žbirka,2020,Supraphon,100 Kč,https://www.antikavion.cz/storage/images/gramo-436792-roky-a-dni-2218201-0.jpg,https://www.antikavion.cz/gramodeska/roky-a-dni-2218201?produkt=354614
Pečeť,"Ota Petřina,Super-robot",2020,Supraphon,200 Kč,https://www.antikavion.cz/storage/images/gramo-435007-pecet-1909560-0.jpg,https://www.antikavion.cz/gramodeska/pecet-1909560?produkt=823035
Bílé Vánoce,Karel Gott,2020,Supraphon,500 Kč,https://www.antikavion.cz/storage/images/gramo-377359-bile-vanoce-7437305-0.jpg,https://www.antikavion.cz/gramodeska/bile-vanoce-7437305?produkt=893656
Ten On One (The Singles) CLR: Blue Vinyl,Sandra,2020,Supraphon,1200 Kč,https://www.antikavion.cz/storage/images/gramo-455790-ten-on-one-the-singles-clr-366899-0.jpg,https://www.antikavion.cz/gramodeska/ten-on-one-the-singles-clr-366899?produkt=815077
Perfect Strangers,Deep Purple,2020,Supraphon,500 Kč,https://www.antikavion.cz/storage/images/gramo-433334-perfect-strangers-2397701-0.jpg,https://www.antikavion.cz/gramodeska/perfect-strangers-2397701?produkt=631515
Story 3,Karel Gott,2020,Supraphon,1200 Kč,https://www.antikavion.cz/storage/images/gramo-427519-story-3-9570192-0.jpg,https://www.antikavion.cz/gramodeska/story-3-9570192?produkt=772103
Sezónne Lásky,Miroslav Žbirka,2020,Supraphon,200 Kč,https://www.antikavion.cz/storage/images/sezonne-lasky-1982-458164-0.jpg,https://www.antikavion.cz/gramodeska/sezonne-lasky-7424086?produkt=631414
Chlapec Z Ulice,Miroslav Žbirka,2020,Supraphon,800 Kč,https://www.antikavion.cz/storage/images/gramo-505203-chlapec-z-ulice-3908440-0.jpg,https://www.antikavion.cz/gramodeska/chlapec-z-ulice-3908440?produkt=849348
Doba Ledová,"Precedens,Bára Basiková",2023,Panton,300 Kč,https://www.antikavion.cz/storage/images/gramo-500968-doba-ledova-528141-0.jpg,https://www.antikavion.cz/gramodeska/doba-ledova-528141?produkt=905214
Greatest Hits,Rod Stewart,2023,Panton,100 Kč,https://www.antikavion.cz/storage/images/gramo-424631-greatest-hits-1983593-0.jpg,https://www.antikavion.cz/gramodeska/greatest-hits-1983593?produkt=455964
Šlapej Dál!,Spirituál Kvintet,2023,Panton,500 Kč,https://www.antikavion.cz/storage/images/gramo-452100-slapej-dal-3509973-0.jpg,https://www.antikavion.cz/gramodeska/slapej-dal-3509973?produkt=436167
Zkus Se Životu Dál Smát,Pavel Bobek,2023,Panton,100 Kč,https://www.antikavion.cz/storage/images/gramo-424211-zkus-se-zivotu-dal-smat-5324916-5.jpg,https://www.antikavion.cz/gramodeska/zkus-se-zivotu-dal-smat-5324916?produkt=350040
Kde Jsi?,"Dalibor Janda,Prototyp",2023,Panton,200 Kč,https://www.antikavion.cz/storage/images/gramo-505271-kde-jsi-3443799-0.jpg,https://www.antikavion.cz/gramodeska/kde-jsi-3443799?produkt=842477
Nebezpečný Náklad,Elán,2023,Panton,200 Kč,https://www.antikavion.cz/storage/images/gramo-383328-nebezpecny-naklad-7792542-0.jpg,https://www.antikavion.cz/gramodeska/nebezpecny-naklad-7792542?produkt=387334
"Michal David, Kroky Františka Janečka","Kroky,Michal David",2023,Panton,150 Kč,https://www.antikavion.cz/storage/images/gramo-423907-michal-david-kroky-frantiska-janecka-3815358-0.jpg,https://www.antikavion.cz/gramodeska/michal-david-kroky-frantiska-janecka-3815358?produkt=630889
Nenapovídej,"Kroky,Michal David",2023,Panton,200 Kč,https://www.antikavion.cz/storage/images/gramo-424581-nenapovidej-5067763-0.jpg,https://www.antikavion.cz/gramodeska/nenapovidej-5067763?produkt=872386
Detonation,Various,2023,Panton,200 Kč,https://www.antikavion.cz/storage/images/gramo-375116-detonation-2803162-0.jpg,https://www.antikavion.cz/gramodeska/detonation-2803162?produkt=529799
Kanagom,Olympic,2023,Panton,100 Kč,https://www.antikavion.cz/storage/images/gramo-436474-kanagom-7464214-0.jpg,https://www.antikavion.cz/gramodeska/kanagom-7464214?produkt=740343
Lásko Prokletá (Hana Hegerová Zpívá Texty Pavla Kopty),"Hana Hegerová,Pavel Kopta",2023,Panton,200 Kč,https://www.antikavion.cz/storage/images/gramo-424656-lasko-prokleta-hana-hegerova-zpiva-texty-pavla-kopty-8874806-0.jpg,https://www.antikavion.cz/gramodeska/lasko-prokleta-hana-hegerova-zpiva-texty-pavla-kopty-8874806?produkt=430059
Rosa Na Kolejích (Písničky Wabi Daňka),Wabi Daněk,2023,Panton,200 Kč,https://www.antikavion.cz/storage/images/gramo-429153-rosa-na-kolejich-pisnicky-wabi-danka-2668223-0.jpg,https://www.antikavion.cz/gramodeska/rosa-na-kolejich-pisnicky-wabi-danka-2668223?produkt=630835
Ochutnávka,Deep Purple,2023,Panton,500 Kč,https://www.antikavion.cz/storage/images/gramo-458674-ochutnavka-2425114-8.jpg,https://www.antikavion.cz/gramodeska/ochutnavka-2425114?produkt=490879
Rabaka,Elán,2023,Panton,400 Kč,https://www.antikavion.cz/storage/images/gramo-383920-rabaka-2099773-0.jpg,https://www.antikavion.cz/gramodeska/rabaka-2099773?produkt=770678
Knoflíky Lásky,"Iveta Bartošová,Petr Sepeši",2023,Panton,600 Kč,https://www.antikavion.cz/storage/images/gramo-429109-knofliky-lasky-8477360-0.jpg,https://www.antikavion.cz/gramodeska/knofliky-lasky-8477360?produkt=821362
Iva Bittová + Dunaj,"Iva Bittová,Dunaj",2023,Panton,400 Kč,https://www.antikavion.cz/storage/images/gramo-423317-iva-bittova-dunaj-934508-0.jpg,https://www.antikavion.cz/gramodeska/iva-bittova-dunaj-934508?produkt=903770
Carmen (3xLP + BOX + BOOKLET): Limited Edition,"Leonard Bernstein,Georges Bizet,The Metropolitan Opera House Orchestra,Metropolitan Opera Chorus,James McCracken,Marilyn Horne",2023,Panton,600 Kč,https://www.antikavion.cz/storage/images/gramo-513987-carmen-3xlp-box-booklet-2211872-0.jpg,https://www.antikavion.cz/gramodeska/carmen-3xlp-box-booklet-2211872?produkt=815065
Rakovina,Karel Kryl,2023,Panton,200 Kč,https://www.antikavion.cz/storage/images/gramo-450658-rakovina-1729588-0.jpg,https://www.antikavion.cz/gramodeska/rakovina-1729588?produkt=700731
Černé Světlo = Black Light,"Michael Kocáb,Michal Pavlíček",2023,Panton,100 Kč,https://www.antikavion.cz/storage/images/gramo-436942-cerne-svetlo-black-light-1473969-0.jpg,https://www.antikavion.cz/gramodeska/cerne-svetlo-black-light-1473969?produkt=630498
Deset Prstů Pro Život,"Dalibor Janda,Prototyp",2023,Panton,200 Kč,https://www.antikavion.cz/storage/images/gramo-436777-deset-prstu-pro-zivot-2985044-0.jpg,https://www.antikavion.cz/gramodeska/deset-prstu-pro-zivot-2985044?produkt=801039
Celestial,Rob Halford With Family & Friends,2021,Legacy,599 Kč,https://www.antikavion.cz/storage/images/gramo-6639-celestial-14278530-0.jpg,https://www.antikavion.cz/gramodeska/celestial-14278530?produkt=360124
Turbo,Turbo,2021,Legacy,200 Kč,https://www.antikavion.cz/storage/images/gramo-435492-turbo-1804879-0.jpg,https://www.antikavion.cz/gramodeska/turbo-1804879?produkt=882434
Jazzman Cimrman,Salón Cimrman,2021,Legacy,150 Kč,https://www.antikavion.cz/storage/images/gramo-435200-jazzman-cimrman-2267051-0.jpg,https://www.antikavion.cz/gramodeska/jazzman-cimrman-2267051?produkt=302050
Emotion,Barbra Streisand,2021,Legacy,70 Kč,https://www.antikavion.cz/storage/images/gramo-428857-emotion-3398950-0.jpg,https://www.antikavion.cz/gramodeska/emotion-3398950?produkt=630996
Předscény,"Jan Werich,Miroslav Horníček",2021,Legacy,300 Kč,https://www.antikavion.cz/storage/images/gramo-507920-predsceny-3026433-0.jpg,https://www.antikavion.cz/gramodeska/predsceny-3026433?produkt=394150
Pražský Výběr: Black Labels Vinyl,Pražský Výběr,2021,Legacy,800 Kč,https://www.antikavion.cz/storage/images/gramo-436812-prazsky-vyber-7484024-0.jpg,https://www.antikavion.cz/gramodeska/prazsky-vyber-7484024?produkt=821384
Come Out And Play: Pop Up Sleeve Specialty Pressing Vinyl Special Limited Edition,Twisted Sister,2021,Legacy,600 Kč,https://www.antikavion.cz/storage/images/gramo-427613-come-out-and-play-1414305-0.jpg,https://www.antikavion.cz/gramodeska/come-out-and-play-1414305?produkt=630905
Tanja,Tanja,2021,Legacy,150 Kč,https://www.antikavion.cz/storage/images/tanja-tanja-6-1989-298504-2.jpg,https://www.antikavion.cz/gramodeska/tanja-2107633?produkt=395822
Šmoulové,The Smurfs,2021,Legacy,100 Kč,https://www.antikavion.cz/storage/images/gramo-427675-smoulove-6581713-0.jpg,https://www.antikavion.cz/gramodeska/smoulove-6581713?produkt=770648
Zlomky Poznania,Miroslav Žbirka,2021,Legacy,500 Kč,https://www.antikavion.cz/storage/images/gramo-450314-zlomky-poznania-2541423-0.jpg,https://www.antikavion.cz/gramodeska/zlomky-poznania-2541423?produkt=633563
Michal Penk,Michal Penk,2021,Legacy,100 Kč,https://www.antikavion.cz/storage/images/gramo-452124-michal-penk-3441214-0.jpg,https://www.antikavion.cz/gramodeska/michal-penk-3441214?produkt=824311
Čau Lásko: Export Edition Vinyl,Karel Svoboda,2021,Legacy,100 Kč,https://www.antikavion.cz/storage/images/gramo-427619-cau-lasko-4805004-0.jpg,https://www.antikavion.cz/gramodeska/cau-lasko-4805004?produkt=325601
With The Beatles,The Beatles,2021,Legacy,800 Kč,https://www.antikavion.cz/storage/images/with-the-beatles-1987-490955-0.jpg,https://www.antikavion.cz/gramodeska/with-the-beatles-2001737?produkt=490955
Darmoděj,Jaromír Nohavica,2021,Legacy,500 Kč,https://www.antikavion.cz/storage/images/gramo-432419-darmodej-1746024-0.jpg,https://www.antikavion.cz/gramodeska/darmodej-1746024?produkt=793941
Ferda Mravenec A Brouk Pytlík,Ondřej Sekora,2021,Legacy,100 Kč,https://www.antikavion.cz/storage/images/gramo-428814-ferda-mravenec-a-brouk-pytlik-14376896-0.jpg,https://www.antikavion.cz/gramodeska/ferda-mravenec-a-brouk-pytlik-14376896?produkt=632786
Knoflíky Lásky,"Iveta Bartošová,Petr Sepeši",2021,Legacy,800 Kč,https://www.antikavion.cz/storage/images/gramo-506013-knofliky-lasky-10393241-0.jpg,https://www.antikavion.cz/gramodeska/knofliky-lasky-10393241?produkt=893681
Bláznivá Noc,Michal David,2021,Legacy,300 Kč,https://www.antikavion.cz/storage/images/gramo-432712-blazniva-noc-3231722-0.jpg,https://www.antikavion.cz/gramodeska/blazniva-noc-3231722?produkt=810040
"""...Famous Last Words..."": Orange Labels Vinyl",Supertramp,2021,Legacy,200 Kč,https://www.antikavion.cz/storage/images/famous-last-words-1985-424942-0.jpg,https://www.antikavion.cz/gramodeska/famous-last-words-3830957?produkt=494916
Písně A Filmové Melodie 1966-1988,Karel Svoboda,2021,Legacy,1200 Kč,https://www.antikavion.cz/storage/images/gramo-432677-pisne-a-filmove-melodie-1966-1988-7147428-0.jpg,https://www.antikavion.cz/gramodeska/pisne-a-filmove-melodie-1966-1988-7147428?produkt=818680
Non Stop,"Kroky,Michal David",2021,Legacy,500 Kč,https://www.antikavion.cz/storage/images/gramo-433237-non-stop-6025786-0.jpg,https://www.antikavion.cz/gramodeska/non-stop-6025786?produkt=910235
V Lucerně,Olympic,1983,Supraphon,150 Kč,https://www.antikavion.cz/storage/images/gramo-452673-v-lucerne-3084542-0.jpg,https://www.antikavion.cz/gramodeska/v-lucerne-3084542?produkt=733568
The Dark Side Of The Moon,Pink Floyd,1983,Supraphon,800 Kč,https://www.antikavion.cz/storage/images/gramo-436934-the-dark-side-of-the-moon-3925223-0.jpg,https://www.antikavion.cz/gramodeska/the-dark-side-of-the-moon-3925223?produkt=819878
S Láskou,Petra Janů,1983,Supraphon,70 Kč,https://www.antikavion.cz/storage/images/gramo-505752-s-laskou-2076783-0.jpg,https://www.antikavion.cz/gramodeska/s-laskou-2076783?produkt=631546
Rokenrol,Olympic,1983,Supraphon,300 Kč,https://www.antikavion.cz/storage/images/gramo-507682-rokenrol-7599536-0.jpg,https://www.antikavion.cz/gramodeska/rokenrol-7599536?produkt=665364
Kdo To Zavinil,Slávek Janoušek,1983,Supraphon,70 Kč,https://www.antikavion.cz/storage/images/gramo-428842-kdo-to-zavinil-2778579-0.jpg,https://www.antikavion.cz/gramodeska/kdo-to-zavinil-2778579?produkt=389560
Pohádky Boženy Němcové 1,Božena Němcová,1983,Supraphon,900 Kč,https://www.antikavion.cz/storage/images/gramo-450330-pohadky-bozeny-nemcove-1-8461971-1.jpg,https://www.antikavion.cz/gramodeska/pohadky-bozeny-nemcove-1-8461971?produkt=435796
Radegast,Citron,1983,Supraphon,800 Kč,https://www.antikavion.cz/storage/images/gramo-453171-radegast-1840768-0.jpg,https://www.antikavion.cz/gramodeska/radegast-1840768?produkt=851189
Poslední Kovboj,"Michal Tučný,Tučňáci",1983,Supraphon,200 Kč,https://www.antikavion.cz/storage/images/gramo-474838-posledni-kovboj-8522245-0.jpg,https://www.antikavion.cz/gramodeska/posledni-kovboj-8522245?produkt=796116
Elektrický Bál: Green Labels Vinyl,Tango,1983,Supraphon,300 Kč,https://www.antikavion.cz/storage/images/gramo-510385-elektricky-bal-10268800-0.jpg,https://www.antikavion.cz/gramodeska/elektricky-bal-10268800?produkt=741637
Manéž,Abraxas,1983,Supraphon,400 Kč,https://www.antikavion.cz/storage/images/gramo-451166-manez-2783241-0.jpg,https://www.antikavion.cz/gramodeska/manez-2783241?produkt=810018
Co Stalo Se Stalo,Hana Zagorová,1983,Supraphon,100 Kč,https://www.antikavion.cz/storage/images/gramo-435240-co-stalo-se-stalo-1735876-0.jpg,https://www.antikavion.cz/gramodeska/co-stalo-se-stalo-1735876?produkt=521086
I. B.: Green Labels Vinyl,Iveta Bartošová,1983,Supraphon,400 Kč,https://www.antikavion.cz/storage/images/gramo-445666-i-b-9013151-0.jpg,https://www.antikavion.cz/gramodeska/i-b-9013151?produkt=850230
Doktor Dam Di Dam A Jeho Bacily,"Václav Neckář,Bacily",1983,Supraphon,300 Kč,https://www.antikavion.cz/storage/images/gramo-450613-doktor-dam-di-dam-a-jeho-bacily-6004087-0.jpg,https://www.antikavion.cz/gramodeska/doktor-dam-di-dam-a-jeho-bacily-6004087?produkt=849378
Vinnetou 1,Karl May,1983,Supraphon,1000 Kč,https://www.antikavion.cz/storage/images/gramo-488446-vinnetou-1-2790960-0.jpg,https://www.antikavion.cz/gramodeska/vinnetou-1-2790960?produkt=862116
12 Nej,"Petr Novák,George & Beatovens",1983,Supraphon,500 Kč,https://www.antikavion.cz/storage/images/gramo-433327-12-nej-8489698-0.jpg,https://www.antikavion.cz/gramodeska/12-nej-8489698?produkt=664683
True Blue,Madonna,1983,Supraphon,150 Kč,https://www.antikavion.cz/storage/images/true-blue-madonna-1987-396736-0.jpg,https://www.antikavion.cz/gramodeska/true-blue-2012409?produkt=688362
Waldemar Matuška,Waldemar Matuška,1983,Supraphon,300 Kč,https://www.antikavion.cz/storage/images/gramo-423842-waldemar-matuska-2858127-0.jpg,https://www.antikavion.cz/gramodeska/waldemar-matuska-2858127?produkt=644008
Disco!,OK Band,1983,Supraphon,150 Kč,https://www.antikavion.cz/storage/images/gramo-488773-disco-267928-0.jpg,https://www.antikavion.cz/gramodeska/disco-267928?produkt=747583
Žalman & Spol.,Žalman & Spol.,1983,Supraphon,200 Kč,https://www.antikavion.cz/storage/images/zalman-spol-zalman-spol-1989-354514-0.jpg,https://www.antikavion.cz/gramodeska/zalman-spol-7018086?produkt=649648
Prázdniny Na Zemi...?,Olympic,1983,Supraphon,200 Kč,https://www.antikavion.cz/storage/images/gramo-424626-prazdniny-na-zemi-9355868-0.jpg,https://www.antikavion.cz/gramodeska/prazdniny-na-zemi-9355868?produkt=725314
Greatest Hits In Concert,Umberto Tozzi,1985,Supraphon,300 Kč,https://www.antikavion.cz/storage/images/gramo-509247-greatest-hits-in-concert-2539353-0.jpg,https://www.antikavion.cz/gramodeska/greatest-hits-in-concert-2539353?produkt=848295
Katapult,Katapult,1985,Supraphon,1000 Kč,https://www.antikavion.cz/storage/images/gramo-445935-katapult-2053623-0.jpg,https://www.antikavion.cz/gramodeska/katapult-2053623?produkt=905223
Stala Se Nějaká Chyba,OK Band,1985,Supraphon,70 Kč,https://www.antikavion.cz/storage/images/gramo-498365-stala-se-nejaka-chyba-732449-0.jpg,https://www.antikavion.cz/gramodeska/stala-se-nejaka-chyba-732449?produkt=732493
Jedeme Dál,Petra Janů,1985,Supraphon,100 Kč,https://www.antikavion.cz/storage/images/gramo-434986-jedeme-dal-1852477-0.jpg,https://www.antikavion.cz/gramodeska/jedeme-dal-1852477?produkt=866543
Recitál 2,Hana Hegerová,1985,Supraphon,200 Kč,https://www.antikavion.cz/storage/images/gramo-423898-recital-2-7479885-0.jpg,https://www.antikavion.cz/gramodeska/recital-2-7479885?produkt=340413
Az Arc: English Labels Vinyl,Omega,1985,Supraphon,150 Kč,https://www.antikavion.cz/storage/images/gramo-426014-az-arc-645151-0.jpg,https://www.antikavion.cz/gramodeska/az-arc-645151?produkt=498349
Etc…2,"Vladimír Mišík,Etc…",1985,Supraphon,400 Kč,https://www.antikavion.cz/storage/images/gramo-426306-etc2-6437772-0.jpg,https://www.antikavion.cz/gramodeska/etc2-6437772?produkt=711080
Až Opadá Listí Z Dubu / František Nebojsa,Jan Werich,1985,Supraphon,400 Kč,https://www.antikavion.cz/storage/images/gramo-429134-az-opada-listi-z-dubu-frantisek-nebojsa-2724572-0.jpg,https://www.antikavion.cz/gramodeska/az-opada-listi-z-dubu-frantisek-nebojsa-2724572?produkt=817247
Stromboli (2xLP),Stromboli,1985,Supraphon,600 Kč,https://www.antikavion.cz/storage/images/gramo-454789-stromboli-2xlp-1352713-0.jpg,https://www.antikavion.cz/gramodeska/stromboli-2xlp-1352713?produkt=714513
AG Flek,AG Flek,1985,Supraphon,450 Kč,https://www.antikavion.cz/storage/images/gramo-475534-ag-flek-9042463-0.jpg,https://www.antikavion.cz/gramodeska/ag-flek-9042463?produkt=307362
Poutníci,Poutníci,1985,Supraphon,300 Kč,https://www.antikavion.cz/storage/images/gramo-432403-poutnici-7550540-0.jpg,https://www.antikavion.cz/gramodeska/poutnici-7550540?produkt=635300
Wayfaring Strangers,Poutníci,1985,Supraphon,300 Kč,https://www.antikavion.cz/storage/images/gramo-452415-wayfaring-strangers-6109401-0.jpg,https://www.antikavion.cz/gramodeska/wayfaring-strangers-6109401?produkt=318786
Sgt. Pepper's Lonely Hearts Club Band (2xLP): Zlatna Vinyl Special Edition,Various,1985,Supraphon,400 Kč,https://www.antikavion.cz/storage/images/gramo-425746-sgt-peppers-lonely-hearts-club-band-2xlp-2039917-0.jpg,https://www.antikavion.cz/gramodeska/sgt-peppers-lonely-hearts-club-band-2xlp-2039917?produkt=704498
Discopříběh,"Kroky,Michal David",1985,Supraphon,700 Kč,https://www.antikavion.cz/storage/images/gramo-460348-discopribeh-11351403-0.jpg,https://www.antikavion.cz/gramodeska/discopribeh-11351403?produkt=866576
Out Of Order,Rod Stewart,1985,Supraphon,100 Kč,https://www.antikavion.cz/storage/images/gramo-506239-out-of-order-3039808-0.jpg,https://www.antikavion.cz/gramodeska/out-of-order-3039808?produkt=361373
Detektívka,Elán,1985,Supraphon,300 Kč,https://www.antikavion.cz/storage/images/gramo-424604-detektivka-3484921-0.jpg,https://www.antikavion.cz/gramodeska/detektivka-3484921?produkt=724256
...A Nestřílejte Na Milence,"Luboš Pospíšil,5P",1985,Supraphon,400 Kč,https://www.antikavion.cz/storage/images/gramo-455892-a-nestrilejte-na-milence-1755231-0.jpg,https://www.antikavion.cz/gramodeska/a-nestrilejte-na-milence-1755231?produkt=854615
Billy Cobham,Billy Cobham,1985,Supraphon,100 Kč,https://www.antikavion.cz/storage/images/gramo-423893-billy-cobham-2871937-0.jpg,https://www.antikavion.cz/gramodeska/billy-cobham-2871937?produkt=781306
Electric Light Orchestra,Electric Light Orchestra,1985,Supraphon,300 Kč,https://www.antikavion.cz/storage/images/gramo-425457-electric-light-orchestra-2917339-0.jpg,https://www.antikavion.cz/gramodeska/electric-light-orchestra-2917339?produkt=505703
Sedmikráska,Brontosauři,1985,Supraphon,500 Kč,https://www.antikavion.cz/storage/images/gramo-455759-sedmikraska-5789087-0.jpg,https://www.antikavion.cz/gramodeska/sedmikraska-5789087?produkt=354080
"Pozor, Rock! Live 1988",Katapult,1988,Supraphon,300 Kč,https://www.antikavion.cz/storage/images/gramo-427594-pozor-rock-live-1988-3028612-0.jpg,https://www.antikavion.cz/gramodeska/pozor-rock-live-1988-3028612?produkt=822333
Když Muž Se Ženou Snídá,Karel Gott,1988,Supraphon,1000 Kč,https://www.antikavion.cz/storage/images/gramo-510143-kdyz-muz-se-zenou-snida-6314564-0.jpg,https://www.antikavion.cz/gramodeska/kdyz-muz-se-zenou-snida-6314564?produkt=842496
Děti Ráje,"Kroky,Michal David",1988,Supraphon,500 Kč,https://www.antikavion.cz/storage/images/gramo-435034-deti-raje-2032118-0.jpg,https://www.antikavion.cz/gramodeska/deti-raje-2032118?produkt=801203
Mne Sa Neschováš,Peter Nagy,1988,Supraphon,100 Kč,https://www.antikavion.cz/storage/images/gramo-423866-mne-sa-neschovas-2143134-0.jpg,https://www.antikavion.cz/gramodeska/mne-sa-neschovas-2143134?produkt=526120
So,Peter Gabriel,1988,Supraphon,400 Kč,https://www.antikavion.cz/storage/images/gramo-438892-so-2198796-0.jpg,https://www.antikavion.cz/gramodeska/so-2198796?produkt=677453
Story 2: Gatefold Vinyl,Karel Gott,1988,Supraphon,1500 Kč,https://www.antikavion.cz/storage/images/gramo-423856-story-2-4743346-0.jpg,https://www.antikavion.cz/gramodeska/story-2-4743346?produkt=805013
Na Vařený Nudli,Nerez,1988,Supraphon,400 Kč,https://www.antikavion.cz/storage/images/gramo-445678-na-vareny-nudli-2861732-0.jpg,https://www.antikavion.cz/gramodeska/na-vareny-nudli-2861732?produkt=654306
Living Eyes,Bee Gees,1988,Supraphon,100 Kč,https://www.antikavion.cz/storage/images/gramo-425768-living-eyes-8566016-0.jpg,https://www.antikavion.cz/gramodeska/living-eyes-8566016?produkt=630904
Zlatá Zebra Pro Prvňáčky (Hravá Škola Dopravních Pravidel Pro Děti I Rodiče),"František Nepil,Spejbl & Hurvínek",1988,Supraphon,1000 Kč,https://www.antikavion.cz/storage/images/gramo-433209-zlata-zebra-pro-prvnacky-hrava-skola-dopravnich-pravidel-pro-deti-i-rodice-7489315-0.jpg,https://www.antikavion.cz/gramodeska/zlata-zebra-pro-prvnacky-hrava-skola-dopravnich-pravidel-pro-deti-i-rodice-7489315?produkt=713671
Jinak To Nejde…,"Hana Zagorová,Stanislav Hložek & Petr Kotvald",1988,Supraphon,500 Kč,https://www.antikavion.cz/storage/images/gramo-452082-jinak-to-nejde-2318006-0.jpg,https://www.antikavion.cz/gramodeska/jinak-to-nejde-2318006?produkt=818673
Dáma Při Těle,"Petr Spálený,Apollobeat",1988,Supraphon,300 Kč,https://www.antikavion.cz/storage/images/gramo-453176-dama-pri-tele-3913394-0.jpg,https://www.antikavion.cz/gramodeska/dama-pri-tele-3913394?produkt=842500
Lávky,Hana Zagorová,1988,Supraphon,600 Kč,https://www.antikavion.cz/storage/images/gramo-436811-lavky-6237634-0.jpg,https://www.antikavion.cz/gramodeska/lavky-6237634?produkt=818690
Spolu,"Martin Kratochvíl,Tony Ackerman",1988,Supraphon,100 Kč,https://www.antikavion.cz/storage/images/gramo-476988-spolu-2781724-0.jpg,https://www.antikavion.cz/gramodeska/spolu-2781724?produkt=193986
Včera Neděle Byla (Písničky Ze Semaforu 1),Various,1988,Supraphon,100 Kč,https://www.antikavion.cz/storage/images/gramo-481698-vcera-nedele-byla-pisnicky-ze-semaforu-1-1745657-0.jpg,https://www.antikavion.cz/gramodeska/vcera-nedele-byla-pisnicky-ze-semaforu-1-1745657?produkt=394897
Let's Dance,David Bowie,1988,Supraphon,500 Kč,https://www.antikavion.cz/storage/images/gramo-426059-lets-dance-2936804-0.jpg,https://www.antikavion.cz/gramodeska/lets-dance-2936804?produkt=631172
Výběr,Pražský Výběr,1988,Supraphon,600 Kč,https://www.antikavion.cz/storage/images/gramo-429596-vyber-1717933-0.jpg,https://www.antikavion.cz/gramodeska/vyber-1717933?produkt=821354
Jen Tak,Marsyas,1988,Supraphon,600 Kč,https://www.antikavion.cz/storage/images/gramo-457191-jen-tak-2756672-0.jpg,https://www.antikavion.cz/gramodeska/jen-tak-2756672?produkt=826771
Dagmar Andrtová-Voňková,Dagmar Andrtová-Voňková,1988,Supraphon,70 Kč,https://www.antikavion.cz/storage/images/gramo-436795-dagmar-andrtova-vonkova-2783185-0.jpg,https://www.antikavion.cz/gramodeska/dagmar-andrtova-vonkova-2783185?produkt=645346
Osudy Dobrého Vojáka Švejka 4,Jaroslav Hašek,1988,Supraphon,250 Kč,https://www.antikavion.cz/storage/images/gramo-450889-osudy-dobreho-vojaka-svejka-4-3006947-0.jpg,https://www.antikavion.cz/gramodeska/osudy-dobreho-vojaka-svejka-4-3006947?produkt=497702
"""Ale""","Peter Nagy,Indigo",1988,Supraphon,150 Kč,https://www.antikavion.cz/storage/images/gramo-423864-ale-3767734-0.jpg,https://www.antikavion.cz/gramodeska/ale-3767734?produkt=819860
Smích Jeviště A Zákulisí (1),Various,1979,Supraphon,50 Kč,https://www.antikavion.cz/storage/images/gramo-495940-smich-jeviste-a-zakulisi-1-3082631-0.jpg,https://www.antikavion.cz/gramodeska/smich-jeviste-a-zakulisi-1-3082631?produkt=350329
Hvězda Countryon (Fešáci 1985-1990),Fešáci,1979,Supraphon,600 Kč,https://www.antikavion.cz/storage/images/gramo-507952-hvezda-countryon-fesaci-1985-1990-6687449-0.jpg,https://www.antikavion.cz/gramodeska/hvezda-countryon-fesaci-1985-1990-6687449?produkt=796080
Holky Z Naší Školky,Stanislav Hložek & Petr Kotvald,1979,Supraphon,300 Kč,https://www.antikavion.cz/storage/images/gramo-452911-holky-z-nasi-skolky-2379270-0.jpg,https://www.antikavion.cz/gramodeska/holky-z-nasi-skolky-2379270?produkt=763384
Šibeničky,Spirituál Kvintet,1979,Supraphon,200 Kč,https://www.antikavion.cz/storage/images/sibenicky-spiritual-kvintet-1989-318501-8.jpg,https://www.antikavion.cz/gramodeska/sibenicky-12564915?produkt=852549
Starýho Psa Novým Kouskům Nenaučíš,Michal Tučný,1979,Supraphon,400 Kč,https://www.antikavion.cz/storage/images/gramo-433303-staryho-psa-novym-kouskum-nenaucis-5444869-0.jpg,https://www.antikavion.cz/gramodeska/staryho-psa-novym-kouskum-nenaucis-5444869?produkt=631669
Šmoulové: Orange Labels Vinyl,The Smurfs,1979,Supraphon,300 Kč,https://www.antikavion.cz/storage/images/smoulove-the-smurfs-2-1988-294416-0.jpg,https://www.antikavion.cz/gramodeska/smoulove-2454741?produkt=511765
Pták Rosomák,Olympic,1979,Supraphon,400 Kč,https://www.antikavion.cz/storage/images/gramo-430658-ptak-rosomak-1838297-0.jpg,https://www.antikavion.cz/gramodeska/ptak-rosomak-1838297?produkt=821355
Thriller,Michael Jackson,1979,Supraphon,200 Kč,https://www.antikavion.cz/storage/images/gramo-505746-thriller-2092554-0.jpg,https://www.antikavion.cz/gramodeska/thriller-2092554?produkt=463190
Greatest Hits,Smokie,1979,Supraphon,400 Kč,https://www.antikavion.cz/storage/images/gramo-426620-greatest-hits-5305950-0.jpg,https://www.antikavion.cz/gramodeska/greatest-hits-5305950?produkt=819847
Tango '87: Laminated Cover Vinyl,Tango,1979,Supraphon,200 Kč,https://www.antikavion.cz/storage/images/gramo-423929-tango-87-2796796-0.jpg,https://www.antikavion.cz/gramodeska/tango-87-2796796?produkt=429419
"ABBA (Björn, Benny, Agnetha & Frida)","ABBA,Agnetha & Anni-Frid Björn & Benny",1979,Supraphon,300 Kč,https://www.antikavion.cz/storage/images/gramo-425739-abba-bjorn-benny-agnetha-frida-8668242-0.jpg,https://www.antikavion.cz/gramodeska/abba-bjorn-benny-agnetha-frida-8668242?produkt=819874
Don Carlos (4xLP + BOX + BOOKLET): Special Edition,Giuseppe Verdi,1979,Supraphon,400 Kč,https://www.antikavion.cz/storage/images/don-carlos-4xlp-box-booklet-1978-422656-21.jpg,https://www.antikavion.cz/gramodeska/don-carlos-4xlp-box-booklet-15850671?produkt=822358
Profil 1970 - 1979,Pavel Bobek,1979,Supraphon,200 Kč,https://www.antikavion.cz/storage/images/gramo-424212-profil-1970-1979-11230038-0.jpg,https://www.antikavion.cz/gramodeska/profil-1970-1979-11230038?produkt=770638
Už Nejsem Volná,"Petra Janů,Golem",1979,Supraphon,200 Kč,https://www.antikavion.cz/storage/images/gramo-428545-uz-nejsem-volna-1387330-0.jpg,https://www.antikavion.cz/gramodeska/uz-nejsem-volna-1387330?produkt=848310
Music For The Masses,Depeche Mode,1979,Supraphon,1000 Kč,https://www.antikavion.cz/storage/images/gramo-431299-music-for-the-masses-241692-0.jpg,https://www.antikavion.cz/gramodeska/music-for-the-masses-241692?produkt=843705
Anka Chřestýš & Poslední Kovboj,"Michal Tučný,Tučňáci,Rattlesnake Annie",1979,Supraphon,300 Kč,https://www.antikavion.cz/storage/images/gramo-433288-anka-chrestys-posledni-kovboj-5829679-0.jpg,https://www.antikavion.cz/gramodeska/anka-chrestys-posledni-kovboj-5829679?produkt=633229
Jedinečná Šance,Futurum,1979,Supraphon,500 Kč,https://www.antikavion.cz/storage/images/gramo-480282-jedinecna-sance-2864954-0.jpg,https://www.antikavion.cz/gramodeska/jedinecna-sance-2864954?produkt=893654
"Ano, Pane Jiří",Jiří Grossmann,1979,Supraphon,300 Kč,https://www.antikavion.cz/storage/images/gramo-464049-ano-pane-jiri-7427635-0.jpg,https://www.antikavion.cz/gramodeska/ano-pane-jiri-7427635?produkt=530345
Porta '88,Various,1979,Supraphon,300 Kč,https://www.antikavion.cz/storage/images/gramo-437156-porta-88-9460983-0.jpg,https://www.antikavion.cz/gramodeska/porta-88-9460983?produkt=906872
Till I Loved You,Barbra Streisand,1979,Supraphon,100 Kč,https://www.antikavion.cz/storage/images/gramo-425753-till-i-loved-you-4342144-0.jpg,https://www.antikavion.cz/gramodeska/till-i-loved-you-4342144?produkt=498646
Marsyas,Marsyas,1978,Supraphon,1000 Kč,https://www.antikavion.cz/storage/images/gramo-433033-marsyas-2756527-0.jpg,https://www.antikavion.cz/gramodeska/marsyas-2756527?produkt=718303
Čas Holin,Bratři Ebenové,1978,Supraphon,400 Kč,https://www.antikavion.cz/storage/images/gramo-514077-cas-holin-6451996-0.jpg,https://www.antikavion.cz/gramodeska/cas-holin-6451996?produkt=810773
V Holomóci Městě…,Emil Viklický,1978,Supraphon,200 Kč,https://www.antikavion.cz/storage/images/gramo-474852-v-holomoci-meste-1738187-0.jpg,https://www.antikavion.cz/gramodeska/v-holomoci-meste-1738187?produkt=522752
Střípky,Hana Zagorová,1978,Supraphon,200 Kč,https://www.antikavion.cz/storage/images/gramo-460374-stripky-8859054-0.jpg,https://www.antikavion.cz/gramodeska/stripky-8859054?produkt=458081
The 1st Album,Modern Talking,1978,Supraphon,400 Kč,https://www.antikavion.cz/storage/images/the-1st-album-1986-533025-0.jpg,https://www.antikavion.cz/gramodeska/the-1st-album-4657444?produkt=533025
V Tuto Chvíli,Jitka Zelenková,1978,Supraphon,70 Kč,https://www.antikavion.cz/storage/images/gramo-469332-v-tuto-chvili-6488118-0.jpg,https://www.antikavion.cz/gramodeska/v-tuto-chvili-6488118?produkt=348883
Tom A Jerry (Písničky),Various,1978,Supraphon,500 Kč,https://www.antikavion.cz/storage/images/gramo-427676-tom-a-jerry-pisnicky-3026536-0.jpg,https://www.antikavion.cz/gramodeska/tom-a-jerry-pisnicky-3026536?produkt=850216
Live Livin' Blues: Red Labels Vinyl,Livin' Blues,1978,Supraphon,150 Kč,https://www.antikavion.cz/storage/images/gramo-430660-live-livin-blues-4658188-0.jpg,https://www.antikavion.cz/gramodeska/live-livin-blues-4658188?produkt=350930
Snad Nám Naše Děti...,"Michal Prokop,Framus Five",1978,Supraphon,400 Kč,https://www.antikavion.cz/storage/images/gramo-457144-snad-nam-nase-deti-7690846-0.jpg,https://www.antikavion.cz/gramodeska/snad-nam-nase-deti-7690846?produkt=851197
To Tenkrát V Čtyřicátom Pátom,Greenhorns,1978,Supraphon,400 Kč,https://www.antikavion.cz/storage/images/gramo-452645-to-tenkrat-v-ctyricatom-patom-5439195-0.jpg,https://www.antikavion.cz/gramodeska/to-tenkrat-v-ctyricatom-patom-5439195?produkt=500466
Karel Gott Dnes,Karel Gott,1978,Supraphon,200 Kč,https://www.antikavion.cz/storage/images/gramo-424195-karel-gott-dnes-7437289-0.jpg,https://www.antikavion.cz/gramodeska/karel-gott-dnes-7437289?produkt=631770
Přátelská Setkání,"Hana Zagorová,Orchestr Karla Vágnera,Petr Rezek,Drupi,Henri Seroka,Goldie Ens",1978,Supraphon,100 Kč,https://www.antikavion.cz/storage/images/gramo-504748-pratelska-setkani-6371936-0.jpg,https://www.antikavion.cz/gramodeska/pratelska-setkani-6371936?produkt=800082
Živá Voda,Hana Zagorová,1978,Supraphon,300 Kč,https://www.antikavion.cz/storage/images/gramo-435016-ziva-voda-5024379-0.jpg,https://www.antikavion.cz/gramodeska/ziva-voda-5024379?produkt=631832
Jen Pro Ten Dnešní Den (1937 - 1946),Oldřich Nový,1978,Supraphon,600 Kč,https://www.antikavion.cz/storage/images/gramo-422392-jen-pro-ten-dnesni-den-1937-1946-4681410-0.jpg,https://www.antikavion.cz/gramodeska/jen-pro-ten-dnesni-den-1937-1946-4681410?produkt=631971
Non Stop,"Kroky,Michal David",1978,Supraphon,300 Kč,https://www.antikavion.cz/storage/images/gramo-452628-non-stop-10646860-0.jpg,https://www.antikavion.cz/gramodeska/non-stop-10646860?produkt=817258
Elegie,Jazz Q,1978,Supraphon,300 Kč,https://www.antikavion.cz/storage/images/gramo-433176-elegie-1421508-0.jpg,https://www.antikavion.cz/gramodeska/elegie-1421508?produkt=630744
Forbíny Života (1): Supralong Vinyl,Jan Werich,1978,Supraphon,300 Kč,https://www.antikavion.cz/storage/images/gramo-492517-forbiny-zivota-1-3113231-0.jpg,https://www.antikavion.cz/gramodeska/forbiny-zivota-1-3113231?produkt=823043
Jak Chcete Žít Bez Koní,"Michal Tučný,Tučňáci",1978,Supraphon,100 Kč,https://www.antikavion.cz/storage/images/gramo-426611-jak-chcete-zit-bez-koni-4058060-0.jpg,https://www.antikavion.cz/gramodeska/jak-chcete-zit-bez-koni-4058060?produkt=631928
Friendship,Ray Charles,1978,Supraphon,100 Kč,https://www.antikavion.cz/storage/images/gramo-423324-friendship-2893430-0.jpg,https://www.antikavion.cz/gramodeska/friendship-2893430?produkt=349395
Invisible Touch,Genesis,1978,Supraphon,200 Kč,https://www.antikavion.cz/storage/images/gramo-430396-invisible-touch-1927615-0.jpg,https://www.antikavion.cz/gramodeska/invisible-touch-1927615?produkt=529669
Klaus Wunderlich,Klaus Wunderlich,1981,Opus,100 Kč,https://www.antikavion.cz/storage/images/gramo-502622-klaus-wunderlich-4549864-0.jpg,https://www.antikavion.cz/gramodeska/klaus-wunderlich-4549864?produkt=505716
Natur,Iveta Bartošová,1981,Opus,1000 Kč,https://www.antikavion.cz/storage/images/gramo-438876-natur-5158331-0.jpg,https://www.antikavion.cz/gramodeska/natur-5158331?produkt=906847
Zabili Trafikantku,Jiří Dědeček,1981,Opus,100 Kč,https://www.antikavion.cz/storage/images/gramo-432392-zabili-trafikantku-2286656-0.jpg,https://www.antikavion.cz/gramodeska/zabili-trafikantku-2286656?produkt=502428
Mimořádná Linka,Hana Zagorová,1981,Opus,500 Kč,https://www.antikavion.cz/storage/images/gramo-432999-mimoradna-linka-3682198-0.jpg,https://www.antikavion.cz/gramodeska/mimoradna-linka-3682198?produkt=739121
The Deep Purple Singles A's & B's,Deep Purple,1981,Opus,300 Kč,https://www.antikavion.cz/storage/images/gramo-433246-the-deep-purple-singles-as-bs-2280845-0.jpg,https://www.antikavion.cz/gramodeska/the-deep-purple-singles-as-bs-2280845?produkt=630969
Galaportrét (Nejúspěšnější Nahrávky Z Let 1969 - 1974),Greenhorns,1981,Opus,200 Kč,https://www.antikavion.cz/storage/images/gramo-424197-galaportret-nejuspesnejsi-nahravky-z-let-1969-1974-8869171-0.jpg,https://www.antikavion.cz/gramodeska/galaportret-nejuspesnejsi-nahravky-z-let-1969-1974-8869171?produkt=536428
Afternoons In Utopia,Alphaville,1981,Opus,200 Kč,https://www.antikavion.cz/storage/images/gramo-424621-afternoons-in-utopia-2794901-0.jpg,https://www.antikavion.cz/gramodeska/afternoons-in-utopia-2794901?produkt=474976
Střípky,Hana Zagorová,1981,Opus,200 Kč,https://www.antikavion.cz/storage/images/gramo-435222-stripky-5085876-0.jpg,https://www.antikavion.cz/gramodeska/stripky-5085876?produkt=863501
Expedice R'n'R,The Beatles,1981,Opus,200 Kč,https://www.antikavion.cz/storage/images/gramo-424180-expedice-rnr-1729761-0.jpg,https://www.antikavion.cz/gramodeska/expedice-rnr-1729761?produkt=630475
Vladimír Merta 2,Vladimír Merta,1981,Opus,100 Kč,https://www.antikavion.cz/storage/images/gramo-452394-vladimir-merta-2-3028756-0.jpg,https://www.antikavion.cz/gramodeska/vladimir-merta-2-3028756?produkt=521005
Dancing On The Ceiling,Lionel Richie,1981,Opus,300 Kč,https://www.antikavion.cz/storage/images/gramo-484931-dancing-on-the-ceiling-451991-0.jpg,https://www.antikavion.cz/gramodeska/dancing-on-the-ceiling-451991?produkt=533026
Exploduj!,"Petra Janů,Pro-Rock",1981,Opus,100 Kč,https://www.antikavion.cz/storage/images/gramo-457850-exploduj-1746839-0.jpg,https://www.antikavion.cz/gramodeska/exploduj-1746839?produkt=644277
Marathón,Olympic,1981,Opus,400 Kč,https://www.antikavion.cz/storage/images/gramo-484990-marathon-2053500-0.jpg,https://www.antikavion.cz/gramodeska/marathon-2053500?produkt=387060
Recital,Hana Hegerová,1981,Opus,1000 Kč,https://www.antikavion.cz/storage/images/gramo-430338-recital-12506215-0.jpg,https://www.antikavion.cz/gramodeska/recital-12506215?produkt=833585
Big Beat,Z Kopce,1981,Opus,200 Kč,https://www.antikavion.cz/storage/images/big-beat-z-kopce-1989-241605-0.jpg,https://www.antikavion.cz/gramodeska/big-beat-1892238?produkt=347757
Ivan Mládek Uvádí Luďka Sobotu,"Luděk Sobota,Ivan Mládek",1981,Opus,70 Kč,https://www.antikavion.cz/storage/images/gramo-478466-ivan-mladek-uvadi-ludka-sobotu-2671312-0.jpg,https://www.antikavion.cz/gramodeska/ivan-mladek-uvadi-ludka-sobotu-2671312?produkt=732518
Ultrametal,Various,1981,Opus,800 Kč,https://www.antikavion.cz/storage/images/gramo-478445-ultrametal-1495448-0.jpg,https://www.antikavion.cz/gramodeska/ultrametal-1495448?produkt=725307
Ghost In The Machine,The Police,1981,Opus,150 Kč,https://www.antikavion.cz/storage/images/gramo-427727-ghost-in-the-machine-1482923-0.jpg,https://www.antikavion.cz/gramodeska/ghost-in-the-machine-1482923?produkt=463219
Make It Big,Wham!,1981,Opus,600 Kč,https://www.antikavion.cz/storage/images/gramo-426046-make-it-big-805666-0.jpg,https://www.antikavion.cz/gramodeska/make-it-big-805666?produkt=903757
"Pasu, Pasu Písničky",Dagmar Patrasová,1981,Opus,100 Kč,https://www.antikavion.cz/storage/images/gramo-445652-pasu-pasu-pisnicky-2680735-0.jpg,https://www.antikavion.cz/gramodeska/pasu-pasu-pisnicky-2680735?produkt=802242
Má Vlast,Bedřich Smetana,1977,Supraphon,600 Kč,https://www.antikavion.cz/storage/images/gramo-489552-ma-vlast-1681131-0.jpg,https://www.antikavion.cz/gramodeska/ma-vlast-1681131?produkt=802233
ABBA,ABBA,1977,Supraphon,400 Kč,https://www.antikavion.cz/storage/images/gramo-455849-abba-472239-0.jpg,https://www.antikavion.cz/gramodeska/abba-472239?produkt=703067
To Byl Jiří Grossmann,Jiří Grossmann,1977,Supraphon,70 Kč,https://www.antikavion.cz/storage/images/gramo-434732-to-byl-jiri-grossmann-9491131-0.jpg,https://www.antikavion.cz/gramodeska/to-byl-jiri-grossmann-9491131?produkt=703042
Hurvínkovy Staré Pověsti (2xLP): Gatefold Vinyl,"Spejbl & Hurvínek,Miloš Kirschner,Vladimír Straka",1977,Supraphon,600 Kč,https://www.antikavion.cz/storage/images/gramo-514700-hurvinkovy-stare-povesti-2xlp-14672621-0.jpg,https://www.antikavion.cz/gramodeska/hurvinkovy-stare-povesti-2xlp-14672621?produkt=863537
Znovu,Bohdan Mikolášek,1977,Supraphon,100 Kč,https://www.antikavion.cz/storage/images/gramo-485302-znovu-5315315-0.jpg,https://www.antikavion.cz/gramodeska/znovu-5315315?produkt=253596
Vítězslav Vávra & Maximum Petra Hanniga,"Vítězslav Vávra,Maximum Petra Hanniga",1977,Supraphon,150 Kč,https://www.antikavion.cz/storage/images/gramo-452917-vitezslav-vavra-maximum-petra-hanniga-8870414-0.jpg,https://www.antikavion.cz/gramodeska/vitezslav-vavra-maximum-petra-hanniga-8870414?produkt=630836
Dežo Ursiny & Provisorium,"Dežo Ursiny,Provisorium",1977,Supraphon,300 Kč,https://www.antikavion.cz/storage/images/gramo-432174-dezo-ursiny-provisorium-2195233-0.jpg,https://www.antikavion.cz/gramodeska/dezo-ursiny-provisorium-2195233?produkt=660012
Koncert Pro Klavír A Orchestr Č.1 B Moll Op.23,"Herbert von Karajan,Pyotr Ilyich Tchaikovsky,Sviatoslav Richter,Wiener Symphoniker",1977,Supraphon,100 Kč,https://www.antikavion.cz/storage/images/gramo-424207-koncert-pro-klavir-a-orchestr-c1-b-moll-op23-4211459-0.jpg,https://www.antikavion.cz/gramodeska/koncert-pro-klavir-a-orchestr-c1-b-moll-op23-4211459?produkt=631583
Sklípek (1964-68),Yvonne Přenosilová,1977,Supraphon,800 Kč,https://www.antikavion.cz/storage/images/gramo-506959-sklipek-1964-68-4941829-0.jpg,https://www.antikavion.cz/gramodeska/sklipek-1964-68-4941829?produkt=757165
Katapult 2006,Katapult,1977,Supraphon,500 Kč,https://www.antikavion.cz/storage/images/gramo-505276-katapult-2006-2034915-0.jpg,https://www.antikavion.cz/gramodeska/katapult-2006-2034915?produkt=708799
"Banjo, Z Pytle Ven!",Banjo Band Ivana Mládka,1977,Supraphon,500 Kč,https://www.antikavion.cz/storage/images/gramo-450347-banjo-z-pytle-ven-2671447-0.jpg,https://www.antikavion.cz/gramodeska/banjo-z-pytle-ven-2671447?produkt=866545
Ray Conniff,Ray Conniff,1977,Supraphon,70 Kč,https://www.antikavion.cz/storage/images/gramo-487171-ray-conniff-8136232-0.jpg,https://www.antikavion.cz/gramodeska/ray-conniff-8136232?produkt=424658
Lucerna~1965 - Lucerna Hall~Prague 1965 - Live,Louis Armstrong,1977,Supraphon,100 Kč,https://www.antikavion.cz/storage/images/gramo-427547-lucerna1965-lucerna-hallprague-1965-live-8492294-0.jpg,https://www.antikavion.cz/gramodeska/lucerna1965-lucerna-hallprague-1965-live-8492294?produkt=395150
Kde Jsi?,"Dalibor Janda,Prototyp",1977,Supraphon,400 Kč,https://www.antikavion.cz/storage/images/gramo-495545-kde-jsi-11502922-0.jpg,https://www.antikavion.cz/gramodeska/kde-jsi-11502922?produkt=865181
Posel Z Liptákova,"Zdeněk Svěrák,Ladislav Smoljak,Jára da Cimrman",1977,Supraphon,400 Kč,https://www.antikavion.cz/storage/images/gramo-427672-posel-z-liptakova-2747197-0.jpg,https://www.antikavion.cz/gramodeska/posel-z-liptakova-2747197?produkt=910261
Částečné Zatmění Srdce,Lenka Filipová,1977,Supraphon,100 Kč,https://www.antikavion.cz/storage/images/gramo-423321-castecne-zatmeni-srdce-2013906-0.jpg,https://www.antikavion.cz/gramodeska/castecne-zatmeni-srdce-2013906?produkt=796180
Muž Č.1,Marie Rottrová,1977,Supraphon,300 Kč,https://www.antikavion.cz/storage/images/gramo-450339-muz-c1-2496898-0.jpg,https://www.antikavion.cz/gramodeska/muz-c1-2496898?produkt=757135
Není Všechno Paráda,Karel Zich,1977,Supraphon,400 Kč,https://www.antikavion.cz/storage/images/gramo-469341-neni-vsechno-parada-2984049-0.jpg,https://www.antikavion.cz/gramodeska/neni-vsechno-parada-2984049?produkt=812942
Stárnoucí Mladík,Pavel Bobek,1977,Supraphon,100 Kč,https://www.antikavion.cz/storage/images/starnouci-mladik-pavel-bobek-1985-252363-4.jpg,https://www.antikavion.cz/gramodeska/starnouci-mladik-2955568?produkt=253857
The Sweet Keeper,Tanita Tikaram,1977,Supraphon,300 Kč,https://www.antikavion.cz/storage/images/the-sweet-keeper-tanita-tikaram-1990-386401-0.jpg,https://www.antikavion.cz/gramodeska/the-sweet-keeper-3602239?produkt=835098
Mimořádná Linka,Hana Zagorová,1983,Supraphon,200 Kč,https://www.antikavion.cz/storage/images/gramo-424584-mimoradna-linka-5255224-0.jpg,https://www.antikavion.cz/gramodeska/mimoradna-linka-5255224?produkt=763393
"Příběhy, Písně A Balady 3",Václav Neckář,1983,Supraphon,300 Kč,https://www.antikavion.cz/storage/images/gramo-427771-pribehy-pisne-a-balady-3-6624217-0.jpg,https://www.antikavion.cz/gramodeska/pribehy-pisne-a-balady-3-6624217?produkt=866541
Greatest Hits,Kenny Rogers,1983,Supraphon,200 Kč,https://www.antikavion.cz/storage/images/gramo-433190-greatest-hits-3702145-0.jpg,https://www.antikavion.cz/gramodeska/greatest-hits-3702145?produkt=817232
Bee Gees,Bee Gees,1983,Supraphon,400 Kč,https://www.antikavion.cz/storage/images/gramo-423778-bee-gees-2657495-0.jpg,https://www.antikavion.cz/gramodeska/bee-gees-2657495?produkt=657523
Hurikán,"Dalibor Janda,Prototyp",1983,Supraphon,1000 Kč,https://www.antikavion.cz/storage/images/gramo-433217-hurikan-2680656-0.jpg,https://www.antikavion.cz/gramodeska/hurikan-2680656?produkt=818694
Voulez-Vous,ABBA,1983,Supraphon,200 Kč,https://www.antikavion.cz/storage/images/gramo-433330-voulez-vous-3468283-0.jpg,https://www.antikavion.cz/gramodeska/voulez-vous-3468283?produkt=910213
3,Team,1983,Supraphon,300 Kč,https://www.antikavion.cz/storage/images/gramo-478438-3-3717954-0.jpg,https://www.antikavion.cz/gramodeska/3-3717954?produkt=872370
Eric Clapton,Eric Clapton,1983,Supraphon,400 Kč,https://www.antikavion.cz/storage/images/gramo-474839-eric-clapton-3202137-0.jpg,https://www.antikavion.cz/gramodeska/eric-clapton-3202137?produkt=498610
Helena A Strýci,"Helena Vondráčková,Strýci",1983,Supraphon,200 Kč,https://www.antikavion.cz/storage/images/gramo-502946-helena-a-stryci-1228093-0.jpg,https://www.antikavion.cz/gramodeska/helena-a-stryci-1228093?produkt=748412
Živá Voda,Dagmar Andrtová-Voňková,1983,Supraphon,100 Kč,https://www.antikavion.cz/storage/images/gramo-436741-ziva-voda-3062745-0.jpg,https://www.antikavion.cz/gramodeska/ziva-voda-3062745?produkt=821370
10 Wilde Jahre (1969-1979): Red Label Vinyl,Puhdys,1983,Supraphon,100 Kč,https://www.antikavion.cz/storage/images/gramo-423916-10-wilde-jahre-1969-1979-413611-0.jpg,https://www.antikavion.cz/gramodeska/10-wilde-jahre-1969-1979-413611?produkt=311411
Dva Roky Prázdnin,"Kroky,Pavel Horňák",1983,Supraphon,100 Kč,https://www.antikavion.cz/storage/images/gramo-424242-dva-roky-prazdnin-5549303-0.jpg,https://www.antikavion.cz/gramodeska/dva-roky-prazdnin-5549303?produkt=631288
Après Toi,Mireille Mathieu,1983,Supraphon,70 Kč,https://www.antikavion.cz/storage/images/gramo-436775-apres-toi-4482963-0.jpg,https://www.antikavion.cz/gramodeska/apres-toi-4482963?produkt=522592
O Víle Amálce (2xLP),Václav Čtvrtek,1983,Supraphon,800 Kč,https://www.antikavion.cz/storage/images/gramo-427585-o-vile-amalce-2xlp-16211980-0.jpg,https://www.antikavion.cz/gramodeska/o-vile-amalce-2xlp-16211980?produkt=655138
Toulavej CLR: Coloured Green Vinyl,Vojtěch Tomáško,1983,Supraphon,500 Kč,https://www.antikavion.cz/storage/images/gramo-479128-toulavej-clr-10178012-0.jpg,https://www.antikavion.cz/gramodeska/toulavej-clr-10178012?produkt=677508
Přísně Soukromá Sci-Fi,Petr Kotvald,1983,Supraphon,150 Kč,https://www.antikavion.cz/storage/images/gramo-476830-prisne-soukroma-sci-fi-5599490-0.jpg,https://www.antikavion.cz/gramodeska/prisne-soukroma-sci-fi-5599490?produkt=307564
Pohoda,"Jaroslav Samson Lenk,Máci",1983,Supraphon,300 Kč,https://www.antikavion.cz/storage/images/gramo-429121-pohoda-5477839-0.jpg,https://www.antikavion.cz/gramodeska/pohoda-5477839?produkt=905220
Déjà Vu: Gatefold Vinyl,"Stills, Nash & Young Crosby",1983,Supraphon,200 Kč,https://www.antikavion.cz/storage/images/gramo-478771-deja-vu-2870027-0.jpg,https://www.antikavion.cz/gramodeska/deja-vu-2870027?produkt=361556
Vánoce Ve Zlaté Praze,Karel Gott,1983,Supraphon,300 Kč,https://www.antikavion.cz/storage/images/gramo-455823-vanoce-ve-zlate-praze-11673939-0.jpg,https://www.antikavion.cz/gramodeska/vanoce-ve-zlate-praze-11673939?produkt=759440
Kousek Přízně,Marsyas,1983,Supraphon,600 Kč,https://www.antikavion.cz/storage/images/gramo-506974-kousek-prizne-2826857-0.jpg,https://www.antikavion.cz/gramodeska/kousek-prizne-2826857?produkt=849350
Noc Na Karlštejně,"Karel Svoboda,Jiří Štaidl",1977,Supraphon,1000 Kč,https://www.antikavion.cz/storage/images/gramo-480164-noc-na-karlstejne-1951692-0.jpg,https://www.antikavion.cz/gramodeska/noc-na-karlstejne-1951692?produkt=835093
Přelety (2xLP),Helena Vondráčková,1977,Supraphon,600 Kč,https://www.antikavion.cz/storage/images/gramo-499193-prelety-2xlp-6848968-0.jpg,https://www.antikavion.cz/gramodeska/prelety-2xlp-6848968?produkt=735428
XVI. Album Supraphonu,Various,1977,Supraphon,200 Kč,https://www.antikavion.cz/storage/images/gramo-463051-xvi-album-supraphonu-7919050-0.jpg,https://www.antikavion.cz/gramodeska/xvi-album-supraphonu-7919050?produkt=748431
Chansons,Hana Hegerová,1977,Supraphon,400 Kč,https://www.antikavion.cz/storage/images/gramo-426040-chansons-7485531-0.jpg,https://www.antikavion.cz/gramodeska/chansons-7485531?produkt=632412
In Memoriam Billie Holiday,Billie Holiday,1977,Supraphon,100 Kč,https://www.antikavion.cz/storage/images/gramo-490745-in-memoriam-billie-holiday-7052188-0.jpg,https://www.antikavion.cz/gramodeska/in-memoriam-billie-holiday-7052188?produkt=452122
Break Every Rule,Tina Turner,1977,Supraphon,400 Kč,https://www.antikavion.cz/storage/images/gramo-434749-break-every-rule-6275119-0.jpg,https://www.antikavion.cz/gramodeska/break-every-rule-6275119?produkt=364636
Poslouchejte! Karel Gott Zpívá Lásku Bláznivou A Další Hity: Gatefold Sleeve Vinyl,Karel Gott,1977,Supraphon,500 Kč,https://www.antikavion.cz/storage/images/gramo-469352-poslouchejte-karel-gott-zpiva-lasku-blaznivou-a-dalsi-hity-7308376-0.jpg,https://www.antikavion.cz/gramodeska/poslouchejte-karel-gott-zpiva-lasku-blaznivou-a-dalsi-hity-7308376?produkt=655131
Festa,Michal David,1977,Supraphon,300 Kč,https://www.antikavion.cz/storage/images/gramo-450315-festa-6295244-0.jpg,https://www.antikavion.cz/gramodeska/festa-6295244?produkt=889020
Past Na Hurvínka,"Spejbl & Hurvínek,Miloš Kirschner,Vladimír Straka",1977,Supraphon,500 Kč,https://www.antikavion.cz/storage/images/gramo-436807-past-na-hurvinka-18615748-0.jpg,https://www.antikavion.cz/gramodeska/past-na-hurvinka-18615748?produkt=802223
4,Team,1977,Supraphon,600 Kč,https://www.antikavion.cz/storage/images/gramo-452643-4-6303081-0.jpg,https://www.antikavion.cz/gramodeska/4-6303081?produkt=906865
Reckless,Bryan Adams,1977,Supraphon,500 Kč,https://www.antikavion.cz/storage/images/gramo-455829-reckless-2004917-0.jpg,https://www.antikavion.cz/gramodeska/reckless-2004917?produkt=863499
Ze Soboty Na Šimka 2,"Miloslav Šimek,Luděk Sobota",1977,Supraphon,100 Kč,https://www.antikavion.cz/storage/images/ze-soboty-na-simka-2-ludek-sobota-1977-193366-0.jpg,https://www.antikavion.cz/gramodeska/ze-soboty-na-simka-2-7148227?produkt=479255
Glen Campbell,Glen Campbell,1977,Supraphon,199 Kč,https://www.antikavion.cz/storage/images/gramo-486856-glen-campbell-2854774-0.jpg,https://www.antikavion.cz/gramodeska/glen-campbell-2854774?produkt=362419
O!: 3rd Pressing Vinyl,Maanam,1977,Supraphon,150 Kč,https://www.antikavion.cz/storage/images/gramo-455592-o-832314-0.jpg,https://www.antikavion.cz/gramodeska/o-832314?produkt=727719
Breviary Of Love,Hana Zagorová,1977,Supraphon,600 Kč,https://www.antikavion.cz/storage/images/gramo-451200-breviary-of-love-4733736-0.jpg,https://www.antikavion.cz/gramodeska/breviary-of-love-4733736?produkt=865205
Ferda Mravenec A Brouk Pytlík,Ondřej Sekora,1977,Supraphon,300 Kč,https://www.antikavion.cz/storage/images/gramo-459481-ferda-mravenec-a-brouk-pytlik-15935290-0.jpg,https://www.antikavion.cz/gramodeska/ferda-mravenec-a-brouk-pytlik-15935290?produkt=788855
Neklesejte Na Duchnu: Green Vinyl,Duo Cis,1977,Supraphon,400 Kč,https://www.antikavion.cz/storage/images/gramo-470538-neklesejte-na-duchnu-5322225-0.jpg,https://www.antikavion.cz/gramodeska/neklesejte-na-duchnu-5322225?produkt=910251
Maxipes Fík,Rudolf Čechura,1977,Supraphon,400 Kč,https://www.antikavion.cz/storage/images/gramo-491023-maxipes-fik-14376929-0.jpg,https://www.antikavion.cz/gramodeska/maxipes-fik-14376929?produkt=738080
Super Trouper,ABBA,1977,Supraphon,150 Kč,https://www.antikavion.cz/storage/images/gramo-505961-super-trouper-2377115-0.jpg,https://www.antikavion.cz/gramodeska/super-trouper-2377115?produkt=490859
Hodina Slovenčiny,Elán,1977,Supraphon,300 Kč,https://www.antikavion.cz/storage/images/gramo-505278-hodina-slovenciny-3487247-0.jpg,https://www.antikavion.cz/gramodeska/hodina-slovenciny-3487247?produkt=527769
Svět Hledačů,The Blue Effect,1980,Panton,500 Kč,https://www.antikavion.cz/storage/images/gramo-433075-svet-hledacu-2778604-0.jpg,https://www.antikavion.cz/gramodeska/svet-hledacu-2778604?produkt=711092
"Nic Ve Zlým, Nic V Dobrým","Michal Prokop,Framus Five",1980,Panton,300 Kč,https://www.antikavion.cz/storage/images/gramo-456488-nic-ve-zlym-nic-v-dobrym-12761233-0.jpg,https://www.antikavion.cz/gramodeska/nic-ve-zlym-nic-v-dobrym-12761233?produkt=850200
Hair (Original Soundtrack Recording) (2xLP): Gatefold Vinyl,Galt MacDermot,1980,Panton,1000 Kč,https://www.antikavion.cz/storage/images/gramo-471894-hair-original-soundtrack-recording-2xlp-1476811-0.jpg,https://www.antikavion.cz/gramodeska/hair-original-soundtrack-recording-2xlp-1476811?produkt=845043
Johnny Cash,Johnny Cash,1980,Panton,200 Kč,https://www.antikavion.cz/storage/images/johnny-cash-johnny-cash-1976-357557-0.jpg,https://www.antikavion.cz/gramodeska/johnny-cash-3956088?produkt=729078
Že Mi Je Ľúto,Various,1980,Panton,200 Kč,https://www.antikavion.cz/storage/images/gramo-458702-ze-mi-je-luto-5086251-0.jpg,https://www.antikavion.cz/gramodeska/ze-mi-je-luto-5086251?produkt=825762
Muzika,Karel Gott,1980,Panton,100 Kč,https://www.antikavion.cz/storage/images/gramo-423794-muzika-2058031-0.jpg,https://www.antikavion.cz/gramodeska/muzika-2058031?produkt=908634
Holky Z Naší Školky,Stanislav Hložek & Petr Kotvald,1980,Panton,300 Kč,https://www.antikavion.cz/storage/images/gramo-427044-holky-z-nasi-skolky-8487025-0.jpg,https://www.antikavion.cz/gramodeska/holky-z-nasi-skolky-8487025?produkt=901804
"Dlouhý, Široký A Krátkozraký (Pohádka, Která U Dětí Propadla)",Jára da Cimrman,1980,Panton,200 Kč,https://www.antikavion.cz/storage/images/gramo-505236-dlouhy-siroky-a-kratkozraky-pohadka-ktera-u-deti-propadla-2747132-0.jpg,https://www.antikavion.cz/gramodeska/dlouhy-siroky-a-kratkozraky-pohadka-ktera-u-deti-propadla-3118404?produkt=852568
Whitney,Whitney Houston,1980,Panton,500 Kč,https://www.antikavion.cz/storage/images/gramo-438672-whitney-1737466-0.jpg,https://www.antikavion.cz/gramodeska/whitney-1737466?produkt=842544
Táto Povídej,Jan Werich,1980,Panton,200 Kč,https://www.antikavion.cz/storage/images/gramo-433296-tato-povidej-3007190-0.jpg,https://www.antikavion.cz/gramodeska/tato-povidej-3007190?produkt=631761
Nashledanou!,Banjo Band Ivana Mládka,1980,Panton,500 Kč,https://www.antikavion.cz/storage/images/gramo-492448-nashledanou-8521724-0.jpg,https://www.antikavion.cz/gramodeska/nashledanou-8521724?produkt=760121
Nejhezčí Dárek,Jiří Zmožek,1980,Panton,300 Kč,https://www.antikavion.cz/storage/images/gramo-423863-nejhezci-darek-8537401-0.jpg,https://www.antikavion.cz/gramodeska/nejhezci-darek-8537401?produkt=862111
Ze Soboty Na Šimka (1),"Miloslav Šimek,Luděk Sobota",1980,Panton,100 Kč,https://www.antikavion.cz/storage/images/ze-soboty-na-simka-1-ludek-sobota-1978-207685-0.jpg,https://www.antikavion.cz/gramodeska/ze-soboty-na-simka-1-8985108?produkt=862122
Carlos Santana,Santana,1980,Panton,200 Kč,https://www.antikavion.cz/storage/images/gramo-429262-carlos-santana-2463752-0.jpg,https://www.antikavion.cz/gramodeska/carlos-santana-2463752?produkt=256759
Obyčejnej Kluk,Petr Rezek,1980,Panton,70 Kč,https://www.antikavion.cz/storage/images/gramo-424641-obycejnej-kluk-5085196-0.jpg,https://www.antikavion.cz/gramodeska/obycejnej-kluk-5085196?produkt=631221
Chráň Svoje Bláznovstvá,Peter Nagy,1980,Panton,300 Kč,https://www.antikavion.cz/storage/images/gramo-424201-chran-svoje-blaznovstva-4855709-0.jpg,https://www.antikavion.cz/gramodeska/chran-svoje-blaznovstva-4855709?produkt=865196
Podoby,Petr Spálený,1980,Panton,400 Kč,https://www.antikavion.cz/storage/images/gramo-423947-podoby-7021807-0.jpg,https://www.antikavion.cz/gramodeska/podoby-7021807?produkt=735409
Gotta Go Home,Boney M.,1980,Panton,150 Kč,https://www.antikavion.cz/storage/images/gramo-430384-gotta-go-home-8040340-0.jpg,https://www.antikavion.cz/gramodeska/gotta-go-home-8040340?produkt=726871
V Penziónu Svět: Orange Labels Wrong Label On Side 2 Vinyl,Hapka & Horáček,1980,Panton,400 Kč,https://www.antikavion.cz/storage/images/gramo-460363-v-penzionu-svet-27409392-0.jpg,https://www.antikavion.cz/gramodeska/v-penzionu-svet-27409392?produkt=862144
Paradise Theatre,Styx,1980,Panton,200 Kč,https://www.antikavion.cz/storage/images/gramo-423903-paradise-theatre-2525982-0.jpg,https://www.antikavion.cz/gramodeska/paradise-theatre-2525982?produkt=425804
Karel Gott '79,Karel Gott,1980,Supraphon,150 Kč,https://www.antikavion.cz/storage/images/gramo-423358-karel-gott-79-4460884-0.jpg,https://www.antikavion.cz/gramodeska/karel-gott-79-4460884?produkt=447270
Nejromantičtější,Karel Gott,1980,Supraphon,600 Kč,https://www.antikavion.cz/storage/images/gramo-472485-nejromantictejsi-5095082-0.jpg,https://www.antikavion.cz/gramodeska/nejromantictejsi-5095082?produkt=757899
"Písně Z Televizního Seriálu ""Zpívá Karel Gott"": Gatefold Sleeve Vinyl",Karel Gott,1980,Supraphon,500 Kč,https://www.antikavion.cz/storage/images/gramo-423801-pisne-z-televizniho-serialu-zpiva-karel-gott-2671957-0.jpg,https://www.antikavion.cz/gramodeska/pisne-z-televizniho-serialu-zpiva-karel-gott-2671957?produkt=632068
Na Černé Hodince U Spejblů,"Spejbl & Hurvínek,Miloš Kirschner,Vladimír Straka",1980,Supraphon,300 Kč,https://www.antikavion.cz/storage/images/gramo-426035-na-cerne-hodince-u-spejblu-4392004-0.jpg,https://www.antikavion.cz/gramodeska/na-cerne-hodince-u-spejblu-4392004?produkt=812939
Pohádky Z Pařezové Chaloupky Křemílka A Vochomůrky,Václav Čtvrtek,1980,Supraphon,500 Kč,https://www.antikavion.cz/storage/images/gramo-427678-pohadky-z-parezove-chaloupky-kremilka-a-vochomurky-11511677-0.jpg,https://www.antikavion.cz/gramodeska/pohadky-z-parezove-chaloupky-kremilka-a-vochomurky-11511677?produkt=818684
The Album,ABBA,1980,Supraphon,500 Kč,https://www.antikavion.cz/storage/images/gramo-455853-the-album-12618846-0.jpg,https://www.antikavion.cz/gramodeska/the-album-12618846?produkt=882430
Dean Reed A Jeho Svět,Dean Reed,1980,Supraphon,100 Kč,https://www.antikavion.cz/storage/images/gramo-499223-dean-reed-a-jeho-svet-2695504-0.jpg,https://www.antikavion.cz/gramodeska/dean-reed-a-jeho-svet-2695504?produkt=467070
Sezónne Lásky,Miroslav Žbirka,1980,Supraphon,100 Kč,https://www.antikavion.cz/storage/images/gramo-439148-sezonne-lasky-2076748-0.jpg,https://www.antikavion.cz/gramodeska/sezonne-lasky-2076748?produkt=387087
Basie Meets Ellington,"Duke Ellington,Count Basie",1980,Supraphon,100 Kč,https://www.antikavion.cz/storage/images/gramo-495870-basie-meets-ellington-4344629-0.jpg,https://www.antikavion.cz/gramodeska/basie-meets-ellington-4344629?produkt=449432
Paprsky,Helena Vondráčková,1980,Supraphon,250 Kč,https://www.antikavion.cz/storage/images/paprsky-1978-430033-0.jpg,https://www.antikavion.cz/gramodeska/paprsky-3688828?produkt=631213
Ženské Sbory - Choruses For Female Voices / Říkadla - Nonsens Rhymes,Leoš Janáček,1980,Supraphon,400 Kč,https://www.antikavion.cz/storage/images/gramo-480885-zenske-sbory-choruses-for-female-voices-rikadla-nonsens-rhymes-9652721-0.jpg,https://www.antikavion.cz/gramodeska/zenske-sbory-choruses-for-female-voices-rikadla-nonsens-rhymes-9652721?produkt=492835
I. B.,Iveta Bartošová,1980,Supraphon,600 Kč,https://www.antikavion.cz/storage/images/gramo-453164-i-b-12282274-0.jpg,https://www.antikavion.cz/gramodeska/i-b-12282274?produkt=910280
Šmoulové: Green Labels Vinyl,The Smurfs,1980,Supraphon,300 Kč,https://www.antikavion.cz/storage/images/gramo-457115-smoulove-13443515-0.jpg,https://www.antikavion.cz/gramodeska/smoulove-13443515?produkt=902244
Příběhy Kocoura Mikeše,Josef Lada,1980,Supraphon,600 Kč,https://www.antikavion.cz/storage/images/gramo-459450-pribehy-kocoura-mikese-5683409-0.jpg,https://www.antikavion.cz/gramodeska/pribehy-kocoura-mikese-5683409?produkt=760113
Je Libo Dát Si Víno?,"Miroslav Horníček,Vladimír Menšík,Jiří Sovák",1980,Supraphon,300 Kč,https://www.antikavion.cz/storage/images/gramo-430814-je-libo-dat-si-vino-9909507-0.jpg,https://www.antikavion.cz/gramodeska/je-libo-dat-si-vino-9909507?produkt=480312
Sereno È,Drupi,1980,Supraphon,150 Kč,https://www.antikavion.cz/storage/images/gramo-425769-sereno-e-5966953-0.jpg,https://www.antikavion.cz/gramodeska/sereno-e-5966953?produkt=462630
Donna Summer,Donna Summer,1980,Supraphon,200 Kč,https://www.antikavion.cz/storage/images/donna-summer-donna-summer-1983-350913-0.jpg,https://www.antikavion.cz/gramodeska/donna-summer-4087685?produkt=350913
A Momentary Lapse Of Reason,Pink Floyd,1980,Supraphon,600 Kč,https://www.antikavion.cz/storage/images/gramo-424250-a-momentary-lapse-of-reason-1217851-0.jpg,https://www.antikavion.cz/gramodeska/a-momentary-lapse-of-reason-1217851?produkt=475096
Suvenýr (Waldemar Matuška  A Jeho 12 Nej...),Waldemar Matuška,1980,Supraphon,500 Kč,https://www.antikavion.cz/storage/images/gramo-463155-suvenyr-waldemar-matuska-a-jeho-12-nej-8979249-0.jpg,https://www.antikavion.cz/gramodeska/suvenyr-waldemar-matuska-a-jeho-12-nej-8979249?produkt=821372
XI. Album Supraphonu,Various,1980,Supraphon,100 Kč,https://www.antikavion.cz/storage/images/gramo-450313-xi-album-supraphonu-9204497-0.jpg,https://www.antikavion.cz/gramodeska/xi-album-supraphonu-9204497?produkt=648820
Eva Olmerová,"Traditional Jazz Studio,Eva Olmerová",1975,Supraphon,100 Kč,https://www.antikavion.cz/storage/images/gramo-452655-eva-olmerova-2551081-0.jpg,https://www.antikavion.cz/gramodeska/eva-olmerova-2551081?produkt=433840
Perlenfischer,Puhdys,1975,Supraphon,150 Kč,https://www.antikavion.cz/storage/images/perlenfischer-puhdys-1977-294447-2.jpg,https://www.antikavion.cz/gramodeska/perlenfischer-504231?produkt=823023
"Bohdalová, Dvořák, Horníček, Kopecký A Sláma V Mikrofóru","Miroslav Horníček,Jiřina Bohdalová,Miloš Kopecký,Josef Dvořák,Tomáš Sláma",1975,Supraphon,150 Kč,https://www.antikavion.cz/storage/images/bohdalova-dvorak-hornicek-kopecky-a-slama-v-mikroforu-jirina-bohdalova-1981-302127-4.jpg,https://www.antikavion.cz/gramodeska/bohdalova-dvorak-hornicek-kopecky-a-slama-v-mikroforu-8621144?produkt=480309
Rhapsody In Blue / An American In Paris: Gatefold Vinyl,"Slovak Philharmonic Orchestra,Josef Hála,George Gershwin,Dennis Burkh",1975,Supraphon,100 Kč,https://www.antikavion.cz/storage/images/gramo-424640-rhapsody-in-blue-an-american-in-paris-13057210-0.jpg,https://www.antikavion.cz/gramodeska/rhapsody-in-blue-an-american-in-paris-13057210?produkt=450469
Greatest,Bee Gees,1975,Supraphon,500 Kč,https://www.antikavion.cz/storage/images/gramo-514216-greatest-1480659-0.jpg,https://www.antikavion.cz/gramodeska/greatest-1480659?produkt=844993
Zpívá Jan Werich,Jan Werich,1975,Supraphon,300 Kč,https://www.antikavion.cz/storage/images/gramo-509492-zpiva-jan-werich-3103468-0.jpg,https://www.antikavion.cz/gramodeska/zpiva-jan-werich-3103468?produkt=796146
Den Žen / Den Mužů,Various,1975,Supraphon,70 Kč,https://www.antikavion.cz/storage/images/den-zen-den-muzu-various-1978-159648-4.jpg,https://www.antikavion.cz/gramodeska/den-zen-den-muzu-5042629?produkt=878568
V Televarieté 2: Supralong Vinyl,"Jiřina Bohdalová,Vladimír Dvořák",1975,Supraphon,200 Kč,https://www.antikavion.cz/storage/images/gramo-430347-v-televariete-2-10071042-0.jpg,https://www.antikavion.cz/gramodeska/v-televariete-2-10071042?produkt=459043
Láska Nebeská,"Waldemar Matuška,Eva Pilarová",1975,Supraphon,300 Kč,https://www.antikavion.cz/storage/images/gramo-459532-laska-nebeska-8506890-0.jpg,https://www.antikavion.cz/gramodeska/laska-nebeska-8506890?produkt=252311
Buddy Rich,Buddy Rich,1975,Supraphon,100 Kč,https://www.antikavion.cz/storage/images/gramo-423326-buddy-rich-3872361-0.jpg,https://www.antikavion.cz/gramodeska/buddy-rich-3872361?produkt=456171
Vánoce Ve Zlaté Praze,Karel Gott,1975,Supraphon,300 Kč,https://www.antikavion.cz/storage/images/gramo-467979-vanoce-ve-zlate-praze-7814764-0.jpg,https://www.antikavion.cz/gramodeska/vanoce-ve-zlate-praze-7814764?produkt=653432
Porta,Various,1975,Supraphon,100 Kč,https://www.antikavion.cz/storage/images/gramo-476860-porta-5790590-0.jpg,https://www.antikavion.cz/gramodeska/porta-5790590?produkt=469707
Humor Vlasty Buriana 2: Supralong Vinyl,Vlasta Burian,1975,Supraphon,300 Kč,https://www.antikavion.cz/storage/images/gramo-428527-humor-vlasty-buriana-2-9164035-0.jpg,https://www.antikavion.cz/gramodeska/humor-vlasty-buriana-2-9164035?produkt=687505
"Akropolis, Adieu",Judita Čeřovská,1975,Supraphon,200 Kč,https://www.antikavion.cz/storage/images/gramo-481308-akropolis-adieu-8492336-0.jpg,https://www.antikavion.cz/gramodeska/akropolis-adieu-8492336?produkt=686038
Zpívání,"Hana A Petr Ulrychovi,Javory",1975,Supraphon,400 Kč,https://www.antikavion.cz/storage/images/gramo-505978-zpivani-2841523-0.jpg,https://www.antikavion.cz/gramodeska/zpivani-2841523?produkt=845005
Petra 11,Petra Janů,1975,Supraphon,400 Kč,https://www.antikavion.cz/storage/images/gramo-475481-petra-11-6164187-0.jpg,https://www.antikavion.cz/gramodeska/petra-11-6164187?produkt=866544
Helena Zpívá Ježka,Helena Vondráčková,1975,Supraphon,210 Kč,https://www.antikavion.cz/storage/images/helena-zpiva-jezka-helena-vondrackova-1987-225436-0.jpg,https://www.antikavion.cz/gramodeska/helena-zpiva-jezka-3876866?produkt=234592
Déjà Vu: Gatefold Vinyl,"Stills, Nash & Young Crosby",1975,Supraphon,500 Kč,https://www.antikavion.cz/storage/images/gramo-450901-deja-vu-3877146-0.jpg,https://www.antikavion.cz/gramodeska/deja-vu-3877146?produkt=252115
Üzenet A Liftből / A Fodrász,KFT,1975,Supraphon,150 Kč,https://www.antikavion.cz/storage/images/uzenet-a-liftbol-a-fodrasz-kft-1983-306573-3.jpg,https://www.antikavion.cz/gramodeska/uzenet-a-liftbol-a-fodrasz-516408?produkt=532162
Křídlení,"Oldřich Veselý,Synkopy",1975,Supraphon,200 Kč,https://www.antikavion.cz/storage/images/gramo-427626-kridleni-8837439-0.jpg,https://www.antikavion.cz/gramodeska/kridleni-8837439?produkt=635262
"To Bude, Pánové, Jízda",Turbo,1985,Supraphon,800 Kč,https://www.antikavion.cz/storage/images/gramo-427562-to-bude-panove-jizda-6210606-0.jpg,https://www.antikavion.cz/gramodeska/to-bude-panove-jizda-6210606?produkt=893651
Nie Sme Zlí,Elán,1985,Supraphon,100 Kč,https://www.antikavion.cz/storage/images/gramo-459494-nie-sme-zli-6810163-0.jpg,https://www.antikavion.cz/gramodeska/nie-sme-zli-6810163?produkt=854650
Look To The Rainbow,Al Jarreau,1985,Supraphon,100 Kč,https://www.antikavion.cz/storage/images/gramo-424649-look-to-the-rainbow-3624858-0.jpg,https://www.antikavion.cz/gramodeska/look-to-the-rainbow-3624858?produkt=208325
Ondřej Hejma Žlutý Pes,"Ondřej Hejma,Žlutý Pes",1985,Supraphon,300 Kč,https://www.antikavion.cz/storage/images/gramo-430645-ondrej-hejma-zluty-pes-1851756-0.jpg,https://www.antikavion.cz/gramodeska/ondrej-hejma-zluty-pes-1851756?produkt=828236
Bioelektrovízia,Banket,1985,Supraphon,400 Kč,https://www.antikavion.cz/storage/images/gramo-457146-bioelektrovizia-8461655-0.jpg,https://www.antikavion.cz/gramodeska/bioelektrovizia-8461655?produkt=642012
Hotel Štístko Blues & Další Kousky,ASPM,1985,Supraphon,500 Kč,https://www.antikavion.cz/storage/images/gramo-454799-hotel-stistko-blues-dalsi-kousky-3062738-0.jpg,https://www.antikavion.cz/gramodeska/hotel-stistko-blues-dalsi-kousky-3062738?produkt=854634
Dítě Štěstěny,Petr Spálený,1985,Supraphon,300 Kč,https://www.antikavion.cz/storage/images/gramo-502956-dite-stesteny-8665144-0.jpg,https://www.antikavion.cz/gramodeska/dite-stesteny-8665144?produkt=819866
Olympic 4,Olympic,1985,Supraphon,1000 Kč,https://www.antikavion.cz/storage/images/gramo-426357-olympic-4-1838728-0.jpg,https://www.antikavion.cz/gramodeska/olympic-4-1838728?produkt=826763
24 Stop,Jiří Korn,1985,Supraphon,500 Kč,https://www.antikavion.cz/storage/images/gramo-495469-24-stop-1746886-0.jpg,https://www.antikavion.cz/gramodeska/24-stop-1746886?produkt=827786
Mahavishnu Orchestra,"Mahavishnu Orchestra,The London Symphony Orchestra,Michael Tilson Thomas",1985,Supraphon,150 Kč,https://www.antikavion.cz/storage/images/gramo-423888-mahavishnu-orchestra-9000074-0.jpg,https://www.antikavion.cz/gramodeska/mahavishnu-orchestra-9000074?produkt=349228
Saužení Lásky,Spirituál Kvintet,1985,Supraphon,300 Kč,https://www.antikavion.cz/storage/images/gramo-499679-sauzeni-lasky-5790682-0.jpg,https://www.antikavion.cz/gramodeska/sauzeni-lasky-5790682?produkt=447378
Karel Plíhal… …Emil Pospíšil,"Karel Plíhal,Emil Pospíšil",1985,Supraphon,100 Kč,https://www.antikavion.cz/storage/images/gramo-426619-karel-plihal-emil-pospisil-2921327-0.jpg,https://www.antikavion.cz/gramodeska/karel-plihal-emil-pospisil-2921327?produkt=631049
No To Se Ví - Písničky Kapitána Kida,Kapitán Kid,1985,Supraphon,100 Kč,https://www.antikavion.cz/storage/images/gramo-428859-no-to-se-vi-pisnicky-kapitana-kida-8771346-0.jpg,https://www.antikavion.cz/gramodeska/no-to-se-vi-pisnicky-kapitana-kida-8771346?produkt=532130
Czesław Niemen,Czesław Niemen,1985,Supraphon,600 Kč,https://www.antikavion.cz/storage/images/gramo-507145-czeslaw-niemen-4129427-0.jpg,https://www.antikavion.cz/gramodeska/czeslaw-niemen-4129427?produkt=770729
Žár Trvá,Laura A Její Tygři,1985,Supraphon,400 Kč,https://www.antikavion.cz/storage/images/gramo-452626-zar-trva-2778233-0.jpg,https://www.antikavion.cz/gramodeska/zar-trva-2778233?produkt=824314
Dobře Utajené Housle,Miroslav Horníček,1985,Supraphon,250 Kč,https://www.antikavion.cz/storage/images/gramo-502951-dobre-utajene-housle-8178861-0.jpg,https://www.antikavion.cz/gramodeska/dobre-utajene-housle-8178861?produkt=480324
Country Album,Karel Gott,1985,Supraphon,100 Kč,https://www.antikavion.cz/storage/images/gramo-509057-country-album-2058055-0.jpg,https://www.antikavion.cz/gramodeska/country-album-2058055?produkt=354612
Songy A Balady,Marta Kubišová,1985,Supraphon,100 Kč,https://www.antikavion.cz/storage/images/gramo-423314-songy-a-balady-3028772-0.jpg,https://www.antikavion.cz/gramodeska/songy-a-balady-3028772?produkt=690577
"ABBA /Björn, Benny, Agnetha & Frida/","ABBA,Agnetha & Anni-Frid Björn & Benny",1985,Supraphon,300 Kč,https://www.antikavion.cz/storage/images/gramo-434729-abba-bjorn-benny-agnetha-frida-7534580-0.jpg,https://www.antikavion.cz/gramodeska/abba-bjorn-benny-agnetha-frida-7534580?produkt=862103
My Blue Heaven,Frank Sinatra,1985,Supraphon,150 Kč,https://www.antikavion.cz/storage/images/gramo-423931-my-blue-heaven-1153240-0.jpg,https://www.antikavion.cz/gramodeska/my-blue-heaven-1153240?produkt=537214
Splněný Sen / Královna Koloběžka,Jan Werich,1978,Supraphon,300 Kč,https://www.antikavion.cz/storage/images/gramo-429300-splneny-sen-kralovna-kolobezka-12776990-0.jpg,https://www.antikavion.cz/gramodeska/splneny-sen-kralovna-kolobezka-12776990?produkt=767079
Bad,Michael Jackson,1978,Supraphon,800 Kč,https://www.antikavion.cz/storage/images/gramo-431068-bad-1259785-0.jpg,https://www.antikavion.cz/gramodeska/bad-1259785?produkt=633024
... Jsem V Tom ...,"Luboš Pospíšil,5P",1978,Supraphon,300 Kč,https://www.antikavion.cz/storage/images/gramo-435482-jsem-v-tom-3116653-0.jpg,https://www.antikavion.cz/gramodeska/jsem-v-tom-3116653?produkt=633314
"Potůčku, Nebublej!",Banjo Band Ivana Mládka,1978,Supraphon,350 Kč,https://www.antikavion.cz/storage/images/gramo-450345-potucku-nebublej-2671467-0.jpg,https://www.antikavion.cz/gramodeska/potucku-nebublej-2671467?produkt=823030
…Nám Se Líbí…,"František Ringo Čech,Jiří Schelinger",1978,Supraphon,300 Kč,https://www.antikavion.cz/storage/images/gramo-464788-nam-se-libi-9799666-0.jpg,https://www.antikavion.cz/gramodeska/nam-se-libi-9799666?produkt=720002
Před Odchodem Vypni Proud,Jiří Korn,1978,Supraphon,200 Kč,https://www.antikavion.cz/storage/images/gramo-471868-pred-odchodem-vypni-proud-1662020-0.jpg,https://www.antikavion.cz/gramodeska/pred-odchodem-vypni-proud-1662020?produkt=764826
Motel Nonstop,Petr Spálený,1978,Supraphon,70 Kč,https://www.antikavion.cz/storage/images/gramo-474375-motel-nonstop-6462910-0.jpg,https://www.antikavion.cz/gramodeska/motel-nonstop-6462910?produkt=522294
"Ej, Mlhošu, Mlhošu!",Banjo Band Ivana Mládka,1978,Supraphon,100 Kč,https://www.antikavion.cz/storage/images/gramo-452907-ej-mlhosu-mlhosu-6375616-0.jpg,https://www.antikavion.cz/gramodeska/ej-mlhosu-mlhosu-6375616?produkt=522313
"Melodie, Které Nestárnou","Karel Gott,Karel Vlach",1978,Supraphon,100 Kč,https://www.antikavion.cz/storage/images/gramo-458657-melodie-ktere-nestarnou-8494514-0.jpg,https://www.antikavion.cz/gramodeska/melodie-ktere-nestarnou-8494514?produkt=658976
Tango In The Night,Fleetwood Mac,1978,Supraphon,600 Kč,https://www.antikavion.cz/storage/images/gramo-436745-tango-in-the-night-791682-0.jpg,https://www.antikavion.cz/gramodeska/tango-in-the-night-791682?produkt=810747
Bubáci A Hastrmani,Josef Lada,1978,Supraphon,400 Kč,https://www.antikavion.cz/storage/images/gramo-429130-bubaci-a-hastrmani-11221202-0.jpg,https://www.antikavion.cz/gramodeska/bubaci-a-hastrmani-11221202?produkt=631735
Potměšilý Host,"Hana Hegerová,Hapka & Horáček",1978,Supraphon,500 Kč,https://www.antikavion.cz/storage/images/gramo-426070-potmesily-host-2398959-0.jpg,https://www.antikavion.cz/gramodeska/potmesily-host-2398959?produkt=727746
"Jak Hurvínek Do Lesa Volá, Tak Se Spejbl Ozývá","Spejbl & Hurvínek,Miloš Kirschner,Vladimír Straka",1978,Supraphon,800 Kč,https://www.antikavion.cz/storage/images/gramo-431058-jak-hurvinek-do-lesa-vola-tak-se-spejbl-ozyva-3022508-0.jpg,https://www.antikavion.cz/gramodeska/jak-hurvinek-do-lesa-vola-tak-se-spejbl-ozyva-3022508?produkt=851204
Knoflíky Lásky,"Iveta Bartošová,Petr Sepeši",1978,Supraphon,600 Kč,https://www.antikavion.cz/storage/images/gramo-432731-knofliky-lasky-1757711-0.jpg,https://www.antikavion.cz/gramodeska/knofliky-lasky-1757711?produkt=908673
"Písničky Z Pohádky ""A Co Takhle Svatba, Princi?""",Jiří Chalupa,1978,Supraphon,500 Kč,https://www.antikavion.cz/storage/images/gramo-433098-pisnicky-z-pohadky-a-co-takhle-svatba-princi-6857054-0.jpg,https://www.antikavion.cz/gramodeska/pisnicky-z-pohadky-a-co-takhle-svatba-princi-6857054?produkt=818685
Pokus O Autoportrét: Ussr Pressing Vinyl,Václav Neckář,1978,Supraphon,1500 Kč,https://www.antikavion.cz/storage/images/gramo-435033-pokus-o-autoportret-21969790-0.jpg,https://www.antikavion.cz/gramodeska/pokus-o-autoportret-21969790?produkt=803354
Dům Č. 5,Karel Zich,1978,Supraphon,500 Kč,https://www.antikavion.cz/storage/images/gramo-507049-dum-c-5-6175621-0.jpg,https://www.antikavion.cz/gramodeska/dum-c-5-6175621?produkt=787562
Nečekaná Návštěva,Vladimír Klusák,1978,Supraphon,130 Kč,https://www.antikavion.cz/storage/images/necekana-navsteva-vladimir-klusak-1988-208699-1.jpg,https://www.antikavion.cz/gramodeska/necekana-navsteva-6190903?produkt=208699
Cesty '85 (Panton Na Portě — Live),Various,1978,Supraphon,70 Kč,https://www.antikavion.cz/storage/images/gramo-472849-cesty-85-panton-na-porte-live-2635334-0.jpg,https://www.antikavion.cz/gramodeska/cesty-85-panton-na-porte-live-2635334?produkt=319645
V Plechovém Balení = Evergreens In Brass,"Studiový Orchestr Pavla Vitocha,Zdeněk Pulec",1978,Supraphon,100 Kč,https://www.antikavion.cz/storage/images/gramo-475168-v-plechovem-baleni-evergreens-in-brass-3544366-0.jpg,https://www.antikavion.cz/gramodeska/v-plechovem-baleni-evergreens-in-brass-3544366?produkt=667466
Vaše Tělo … Uletělo,Dr. Max,1986,Panton,100 Kč,https://www.antikavion.cz/storage/images/gramo-423922-vase-telo-uletelo-2017507-0.jpg,https://www.antikavion.cz/gramodeska/vase-telo-uletelo-2017507?produkt=436189
The Final Countdown,Europe,1986,Panton,600 Kč,https://www.antikavion.cz/storage/images/gramo-429582-the-final-countdown-5254942-0.jpg,https://www.antikavion.cz/gramodeska/the-final-countdown-5254942?produkt=816194
Takoví Jsme Byli,Barbra Streisand,1986,Panton,200 Kč,https://www.antikavion.cz/storage/images/gramo-425725-takovi-jsme-byli-4342102-0.jpg,https://www.antikavion.cz/gramodeska/takovi-jsme-byli-4342102?produkt=632372
Pohádky VII - Vašek Vypravuje Pohádky Františka Nepila,Václav Neckář,1986,Panton,800 Kč,https://www.antikavion.cz/storage/images/gramo-445647-pohadky-vii-vasek-vypravuje-pohadky-frantiska-nepila-9087618-0.jpg,https://www.antikavion.cz/gramodeska/pohadky-vii-vasek-vypravuje-pohadky-frantiska-nepila-9087618?produkt=714512
Ostrov Fešáků,"Michal Tučný,Fešáci",1986,Panton,300 Kč,https://www.antikavion.cz/storage/images/gramo-450913-ostrov-fesaku-6362495-0.jpg,https://www.antikavion.cz/gramodeska/ostrov-fesaku-6362495?produkt=763390
X. Album Supraphonu,Various,1986,Panton,200 Kč,https://www.antikavion.cz/storage/images/gramo-456509-x-album-supraphonu-7919918-0.jpg,https://www.antikavion.cz/gramodeska/x-album-supraphonu-7919918?produkt=724267
Nenapovídej,"Kroky,Michal David",1986,Panton,1000 Kč,https://www.antikavion.cz/storage/images/gramo-469982-nenapovidej-7888064-0.jpg,https://www.antikavion.cz/gramodeska/nenapovidej-7888064?produkt=757142
Keltská Kytara = Celtic Guitar,Michal Hromek,1986,Panton,100 Kč,https://www.antikavion.cz/storage/images/gramo-433148-keltska-kytara-celtic-guitar-6138967-0.jpg,https://www.antikavion.cz/gramodeska/keltska-kytara-celtic-guitar-6138967?produkt=241794
The Best Of The Who,The Who,1986,Panton,200 Kč,https://www.antikavion.cz/storage/images/gramo-425771-the-best-of-the-who-3794319-0.jpg,https://www.antikavion.cz/gramodeska/the-best-of-the-who-3794319?produkt=504116
Ptáčata,Brontosauři,1986,Panton,300 Kč,https://www.antikavion.cz/storage/images/ptacata-91-1-cerny-stitek-brontosauri-1988-340260-0.jpg,https://www.antikavion.cz/gramodeska/ptacata-5836017?produkt=435818
Ellingtonia,Classic Jazz Collegium,1986,Panton,150 Kč,https://www.antikavion.cz/storage/images/gramo-429306-ellingtonia-9137653-0.jpg,https://www.antikavion.cz/gramodeska/ellingtonia-9137653?produkt=631381
V Penziónu Svět,Hapka & Horáček,1986,Panton,400 Kč,https://www.antikavion.cz/storage/images/gramo-483566-v-penzionu-svet-7767940-0.jpg,https://www.antikavion.cz/gramodeska/v-penzionu-svet-7767940?produkt=812930
Osudy Dobrého Vojáka Švejka 3,Jaroslav Hašek,1986,Panton,250 Kč,https://www.antikavion.cz/storage/images/gramo-450888-osudy-dobreho-vojaka-svejka-3-8401763-0.jpg,https://www.antikavion.cz/gramodeska/osudy-dobreho-vojaka-svejka-3-8401763?produkt=502638
Hurvínkova Strašidýlka,"Spejbl & Hurvínek,Miloš Kirschner,Pavel Grym",1986,Panton,200 Kč,https://www.antikavion.cz/storage/images/gramo-433202-hurvinkova-strasidylka-12257734-0.jpg,https://www.antikavion.cz/gramodeska/hurvinkova-strasidylka-12257734?produkt=631885
1974,Karel Gott,1986,Panton,100 Kč,https://www.antikavion.cz/storage/images/gramo-423786-1974-4301128-0.jpg,https://www.antikavion.cz/gramodeska/1974-4301128?produkt=631895
Bludička,"Hana Zagorová,Václav Zahradník Orchestra",1986,Panton,600 Kč,https://www.antikavion.cz/storage/images/gramo-426324-bludicka-1481583-0.jpg,https://www.antikavion.cz/gramodeska/bludicka-1481583?produkt=843760
To Bylo Osvobozené Divadlo 1 (1928 ▪ 1933),"Jaroslav Ježek,Voskovec + Werich,Orchestr Osvobozeného Divadla,Osvobozené Divadlo",1986,Panton,500 Kč,https://www.antikavion.cz/storage/images/gramo-445909-to-bylo-osvobozene-divadlo-1-1928-1933-3007741-0.jpg,https://www.antikavion.cz/gramodeska/to-bylo-osvobozene-divadlo-1-1928-1933-3007741?produkt=862121
3,Elán,1986,Panton,300 Kč,https://www.antikavion.cz/storage/images/gramo-455818-3-5254763-0.jpg,https://www.antikavion.cz/gramodeska/3-5254763?produkt=787553
Povídky Šimka A Grossmanna: Supralong Vinyl,Miloslav Šimek,1986,Panton,1200 Kč,https://www.antikavion.cz/storage/images/gramo-499207-povidky-simka-a-grossmanna-15289073-0.jpg,https://www.antikavion.cz/gramodeska/povidky-simka-a-grossmanna-15289073?produkt=736451
Na Kameni Kámen,Brontosauři,1986,Panton,300 Kč,https://www.antikavion.cz/storage/images/gramo-519840-na-kameni-kamen-11164405-0.jpg,https://www.antikavion.cz/gramodeska/na-kameni-kamen-11164405?produkt=849371
Rockin' The Blues,Ondřej Hejma,1987,Panton,200 Kč,https://www.antikavion.cz/storage/images/gramo-457851-rockin-the-blues-7067014-0.jpg,https://www.antikavion.cz/gramodeska/rockin-the-blues-7067014?produkt=643986
Ty Šumavské Stráně,Babouci,1987,Panton,200 Kč,https://www.antikavion.cz/storage/images/gramo-502918-ty-sumavske-strane-14844348-0.jpg,https://www.antikavion.cz/gramodeska/ty-sumavske-strane-14844348?produkt=461782
Top Hits: Export Edition Vinyl,Various,1987,Panton,100 Kč,https://www.antikavion.cz/storage/images/gramo-458713-top-hits-5664472-0.jpg,https://www.antikavion.cz/gramodeska/top-hits-5664472?produkt=643998
Múzy,Helena Vondráčková,1987,Panton,150 Kč,https://www.antikavion.cz/storage/images/gramo-423343-muzy-4299847-0.jpg,https://www.antikavion.cz/gramodeska/muzy-4299847?produkt=477216
S Písní Vstříc Ti Běžím…,Helena Vondráčková,1987,Panton,100 Kč,https://www.antikavion.cz/storage/images/gramo-474376-s-pisni-vstric-ti-bezim-12536459-0.jpg,https://www.antikavion.cz/gramodeska/s-pisni-vstric-ti-bezim-12536459?produkt=803313
Romantický Klavír Jiřího Maláska (Romantic Piano Of Jiří Malásek): Gatefold Vinyl,Jiří Malásek,1987,Panton,100 Kč,https://www.antikavion.cz/storage/images/gramo-424643-romantickyklavir-jiriho-malaska-romantic-piano-of-jiri-malasek-7480393-0.jpg,https://www.antikavion.cz/gramodeska/romantickyklavir-jiriho-malaska-romantic-piano-of-jiri-malasek-7480393?produkt=801038
Eliminator,ZZ Top,1987,Panton,600 Kč,https://www.antikavion.cz/storage/images/gramo-425747-eliminator-2429986-0.jpg,https://www.antikavion.cz/gramodeska/eliminator-2429986?produkt=835063
To Vám Byl Dobrý Rok,Karel Gott,1987,Panton,100 Kč,https://www.antikavion.cz/storage/images/gramo-423784-to-vam-byl-dobry-rok-3781398-0.jpg,https://www.antikavion.cz/gramodeska/to-vam-byl-dobry-rok-3781398?produkt=630680
Gary Burton,"Chick Corea,Tiger Okoshi,Roy Haynes,Steve Swallow,Gary Burton",1987,Panton,200 Kč,https://www.antikavion.cz/storage/images/gramo-429159-gary-burton-2376061-0.jpg,https://www.antikavion.cz/gramodeska/gary-burton-2376061?produkt=630752
Rolling Stones,The Rolling Stones,1987,Panton,500 Kč,https://www.antikavion.cz/storage/images/gramo-426567-rolling-stones-1726582-0.jpg,https://www.antikavion.cz/gramodeska/rolling-stones-1726582?produkt=385028
Heavy Metal World,TSA,1987,Panton,400 Kč,https://www.antikavion.cz/storage/images/gramo-469336-heavy-metal-world-1229252-0.jpg,https://www.antikavion.cz/gramodeska/heavy-metal-world-1229252?produkt=865204
Svitanie,The Blue Effect,1987,Panton,200 Kč,https://www.antikavion.cz/storage/images/gramo-455656-svitanie-1109460-0.jpg,https://www.antikavion.cz/gramodeska/svitanie-1109460?produkt=821390
Já A Ty,"Marie Rottrová,Flamingo",1987,Panton,200 Kč,https://www.antikavion.cz/storage/images/gramo-452961-ja-a-ty-6848930-0.jpg,https://www.antikavion.cz/gramodeska/ja-a-ty-6848930?produkt=500783
Ferda Mravenec,Ondřej Sekora,1987,Panton,400 Kč,https://www.antikavion.cz/storage/images/no-cover.jpg,https://www.antikavion.cz/gramodeska/ferda-mravenec-8402205?produkt=521182
Mys Dobrých Nadějí,Jiří Zmožek,1987,Panton,100 Kč,https://www.antikavion.cz/storage/images/gramo-423344-mys-dobrych-nadeji-6852752-0.jpg,https://www.antikavion.cz/gramodeska/mys-dobrych-nadeji-6852752?produkt=521812
Včelka Mája 1,"Tomáš Vondrovic,Jiří Šrámek",1987,Panton,600 Kč,https://www.antikavion.cz/storage/images/gramo-435020-vcelka-maja-1-8870068-0.jpg,https://www.antikavion.cz/gramodeska/vcelka-maja-1-8870068?produkt=631879
Karel Gott '79,Karel Gott,1987,Panton,150 Kč,https://www.antikavion.cz/storage/images/gramo-423795-karel-gott-79-4460881-0.jpg,https://www.antikavion.cz/gramodeska/karel-gott-79-4460881?produkt=867714
Maxipes Fík,Rudolf Čechura,1987,Panton,400 Kč,https://www.antikavion.cz/storage/images/gramo-426350-maxipes-fik-7919674-0.jpg,https://www.antikavion.cz/gramodeska/maxipes-fik-7919674?produkt=632461
Zpívá Jan Werich,Jan Werich,1987,Panton,300 Kč,https://www.antikavion.cz/storage/images/gramo-427670-zpiva-jan-werich-2957895-0.jpg,https://www.antikavion.cz/gramodeska/zpiva-jan-werich-2957895?produkt=710226
"Pohádky (Pták Ohnivák A Liška Ryška / Dlouhý, Široký A Bystrozraký)",Karel Höger,1987,Panton,300 Kč,https://www.antikavion.cz/storage/images/gramo-481298-pohadky-ptak-ohnivak-a-liska-ryska-dlouhy-siroky-a-bystrozraky-5684427-0.jpg,https://www.antikavion.cz/gramodeska/pohadky-ptak-ohnivak-a-liska-ryska-dlouhy-siroky-a-bystrozraky-5684427?produkt=872377
